customer_id,order_id,name,age,gender,email,phone,country,city,order_date,persona,order_amount,order_items,lifetime_value
CUST00001,ORD675731,Aditya Mehra,22,Male,aditya.mehra.row0478@gmail.com,9.19151E+11,India,Bengaluru,26-02-2026,Churn Risk,₹6100.00,"Hoodie (₹2400.00), Leather Belt (₹1200.00), Black Denim Jeans (₹2500.00)",₹87100.00
CUST00002,ORD340502,Aadhya Pillai,36,Female,aadhya.pillai.row0335@gmail.com,9.13491E+11,India,Pune,19-06-2025,VIP,₹5700.00,"Sneakers (₹3500.00), Slim Fit Jeans (₹2200.00)",₹18500.00
CUST00003,ORD834080,Oliver Rodriguez,49,Male,oliver.rodriguez.row0861@gmail.com,49452383775,Germany,Hamburg,20-12-2025,Frequent Buyer,₹10500.00,"Leather Belt (₹1200.00), Running Shoes (₹4500.00), Bomber Jacket (₹4800.00)",₹122000.00
CUST00004,ORD854347,Arjun Sharma,22,Male,arjun.sharma.row0372@gmail.com,9.13538E+11,India,Hyderabad,26-03-2024,Frequent Buyer,₹12800.00,"Hoodie (₹2400.00), Loafers (₹3200.00), Winter Coat (₹7200.00)",₹128300.00
CUST00005,ORD833853,Amit Sharma,47,Male,amit.sharma.row0464@gmail.com,9.15734E+11,India,Mumbai,11-01-2026,Discount Seeker,₹4800.00,Bomber Jacket (₹4800.00),₹38300.00
CUST00006,ORD350250,Mary Jones,26,Female,mary.jones.row0729@gmail.com,3.34665E+11,France,Lyon,12-11-2025,Frequent Buyer,₹12700.00,"Slim Fit Jeans (₹2200.00), Black Denim Jeans (₹2500.00), Blue Denim Jacket (₹3200.00), Bomber Jacket (₹4800.00)",₹92300.00
CUST00007,ORD316559,David Taylor,21,Male,david.taylor.row0999@gmail.com,6.57741E+11,Singapore,Singapore,26-05-2026,Trendsetter,₹1200.00,Leather Belt (₹1200.00),₹118500.00
CUST00008,ORD960419,Lucas Davis,25,Male,lucas.davis.row0541@gmail.com,14875651914,Canada,Vancouver,08-03-2026,VIP,₹6300.00,"Scarf (₹700.00), Blue Denim Jacket (₹3200.00), Hoodie (₹2400.00)",₹29100.00
CUST00009,ORD605984,Vikram Joshi,25,Male,vikram.joshi.row0449@gmail.com,9.16557E+11,India,Bengaluru,04-06-2026,VIP,₹3200.00,Blue Denim Jacket (₹3200.00),₹129800.00
CUST00010,ORD667130,Emily Thomas,19,Female,emily.thomas.row0982@gmail.com,4.96522E+11,Germany,Munich,27-01-2024,Discount Seeker,₹8450.00,"Cap (₹800.00), Slim Fit Jeans (₹2200.00), Running Shoes (₹4500.00), Black T-Shirt (₹950.00)",₹85750.00
CUST00011,ORD540475,James Brown,48,Male,james.brown.row0711@gmail.com,3.36242E+11,France,Paris,22-11-2025,VIP,₹14700.00,"Loafers (₹3200.00), Formal Shirt (₹2200.00), Running Shoes (₹4500.00), Bomber Jacket (₹4800.00)",₹74100.00
CUST00012,ORD858826,Anil Iyer,29,Male,anil.iyer.row0350@gmail.com,9.18353E+11,India,Delhi,06-12-2024,Frequent Buyer,₹4800.00,"Loafers (₹3200.00), White T-Shirt (₹900.00), Scarf (₹700.00)",₹137900.00
CUST00013,ORD754254,Rahul Sharma,49,Male,rahul.sharma.row0460@gmail.com,9.19168E+11,India,Hyderabad,19-01-2024,Frequent Buyer,₹4500.00,Running Shoes (₹4500.00),₹104100.00
CUST00014,ORD645525,Avani Shah,41,Female,avani.shah.row0459@gmail.com,9.15161E+11,India,Chennai,28-03-2024,Discount Seeker,₹7200.00,Winter Coat (₹7200.00),₹89400.00
CUST00015,ORD484888,Sunil Mukherjee,21,Male,sunil.mukherjee.row0227@gmail.com,9.11195E+11,India,Chennai,01-01-2024,Loyal Customer,₹700.00,Scarf (₹700.00),₹132400.00
CUST00016,ORD367372,Shaurya Patel,39,Male,shaurya.patel.row0128@gmail.com,9.11597E+11,India,Delhi,12-02-2024,Loyal Customer,₹5600.00,"Hoodie (₹2400.00), Blue Denim Jacket (₹3200.00)",₹127300.00
CUST00017,ORD742941,Oliver Taylor,27,Male,oliver.taylor.row0858@gmail.com,5.5702E+11,Brazil,Sao Paulo,29-11-2024,Discount Seeker,₹3200.00,Loafers (₹3200.00),₹142100.00
CUST00018,ORD718255,Deepak Singh,35,Male,deepak.singh.row0094@gmail.com,9.15878E+11,India,Hyderabad,05-07-2024,Trendsetter,₹6700.00,"Running Shoes (₹4500.00), Formal Shirt (₹2200.00)",₹13700.00
CUST00019,ORD546451,Rahul Reddy,20,Male,rahul.reddy.row0169@gmail.com,9.12464E+11,India,Mumbai,12-01-2025,VIP,₹3800.00,"Wallet (₹1800.00), Leather Belt (₹1200.00), Cap (₹800.00)",₹40900.00
CUST00020,ORD611437,Rohan Mishra,36,Male,rohan.mishra.row0508@gmail.com,9.13531E+11,India,Chennai,15-11-2024,Churn Risk,₹13600.00,"Winter Coat (₹7200.00), Loafers (₹3200.00), Blue Denim Jacket (₹3200.00)",₹83500.00
CUST00021,ORD487475,James Thomas,21,Male,james.thomas.row0766@gmail.com,9.71703E+12,UAE,Abu Dhabi,27-03-2026,Churn Risk,₹2150.00,"Leather Belt (₹1200.00), Black T-Shirt (₹950.00)",₹93350.00
CUST00022,ORD426008,Sarah Wilson,38,Female,sarah.wilson.row0809@gmail.com,65163214470,Singapore,Singapore,28-05-2026,Frequent Buyer,₹6000.00,"Bomber Jacket (₹4800.00), Leather Belt (₹1200.00)",₹77300.00
CUST00023,ORD735633,Michael Anderson,37,Male,michael.anderson.row0765@gmail.com,19166523292,Canada,Vancouver,31-03-2024,VIP,₹6150.00,"Running Shoes (₹4500.00), Black T-Shirt (₹950.00), Scarf (₹700.00)",₹47850.00
CUST00024,ORD772665,Michael Davis,27,Male,michael.davis.row0900@gmail.com,9.71219E+12,UAE,Dubai,15-11-2025,Trendsetter,₹4150.00,"Black T-Shirt (₹950.00), Blue Denim Jacket (₹3200.00)",₹58550.00
CUST00025,ORD503221,Arjun Mehra,15,Male,arjun.mehra.row0200@gmail.com,9.1819E+11,India,Bengaluru,04-12-2024,Trendsetter,₹4800.00,"Wallet (₹1800.00), Cap (₹800.00), Slim Fit Jeans (₹2200.00)",₹89300.00
CUST00026,ORD491791,Vihaan Banerjee,45,Male,vihaan.banerjee.row0511@gmail.com,91273234863,India,Mumbai,18-07-2025,Churn Risk,₹2200.00,Slim Fit Jeans (₹2200.00),₹83100.00
CUST00027,ORD552044,Vikram Rao,35,Male,vikram.rao.row0037@gmail.com,9.11447E+11,India,Mumbai,10-04-2024,High Value,₹3900.00,"Scarf (₹700.00), Loafers (₹3200.00)",₹84100.00
CUST00028,ORD938654,Lucas Davis,24,Male,lucas.davis.row0927@gmail.com,3.33864E+11,France,Marseille,19-12-2024,High Value,₹900.00,White T-Shirt (₹900.00),₹82400.00
CUST00029,ORD509033,Pari Das,28,Female,pari.das.row0366@gmail.com,9.1954E+11,India,Hyderabad,29-11-2024,High Value,₹3400.00,"White T-Shirt (₹900.00), Black Denim Jeans (₹2500.00)",₹13800.00
CUST00030,ORD337301,Ira Pillai,43,Female,ira.pillai.row0080@gmail.com,9.16108E+11,India,Bengaluru,23-05-2024,Loyal Customer,₹4800.00,Bomber Jacket (₹4800.00),₹119600.00
CUST00031,ORD451690,Amelia Williams,16,Female,amelia.williams.row0546@gmail.com,3.3388E+11,France,Paris,14-11-2024,Frequent Buyer,₹12900.00,"Leather Belt (₹1200.00), Hoodie (₹2400.00), Running Shoes (₹4500.00), Bomber Jacket (₹4800.00)",₹150000.00
CUST00032,ORD850338,Aditya Mukherjee,22,Male,aditya.mukherjee.row0276@gmail.com,9.12844E+11,India,Hyderabad,16-02-2025,High Value,₹13100.00,"Hoodie (₹2400.00), Winter Coat (₹7200.00), Sneakers (₹3500.00)",₹130300.00
CUST00033,ORD741868,Emma Davis,21,Female,emma.davis.row1021@gmail.com,6.54791E+11,Singapore,Singapore,09-02-2025,Frequent Buyer,₹6650.00,"Black T-Shirt (₹950.00), Leather Belt (₹1200.00), Running Shoes (₹4500.00)",₹133250.00
CUST00034,ORD562221,John Anderson,29,Male,john.anderson.row0956@gmail.com,4.4651E+11,UK,London,11-06-2024,Discount Seeker,₹3500.00,Sneakers (₹3500.00),₹80400.00
CUST00035,ORD864064,Emily Taylor,16,Female,emily.taylor.row0967@gmail.com,11679648039,USA,Los Angeles,18-02-2026,Discount Seeker,₹7800.00,"Cap (₹800.00), Running Shoes (₹4500.00), Black Denim Jeans (₹2500.00)",₹83700.00
CUST00036,ORD903560,Lucas Smith,16,Male,lucas.smith.row0723@gmail.com,4.93833E+11,Germany,Berlin,07-05-2024,Trendsetter,₹10000.00,"Loafers (₹3200.00), Sneakers (₹3500.00), Black Denim Jeans (₹2500.00), Cap (₹800.00)",₹93200.00
CUST00037,ORD272409,Pari Mishra,19,Female,pari.mishra.row0374@gmail.com,9.1129E+11,India,Mumbai,11-05-2026,Discount Seeker,₹9800.00,"Winter Coat (₹7200.00), Wallet (₹1800.00), Cap (₹800.00)",₹62300.00
CUST00038,ORD933610,Vikram Shah,30,Male,vikram.shah.row0326@gmail.com,9.1534E+11,India,Hyderabad,04-12-2025,Trendsetter,₹6000.00,"Sneakers (₹3500.00), Black Denim Jeans (₹2500.00)",₹118100.00
CUST00039,ORD548814,Diya Gupta,21,Female,diya.gupta.row0289@gmail.com,9.17594E+11,India,Mumbai,22-02-2024,Discount Seeker,₹5400.00,"Loafers (₹3200.00), Formal Shirt (₹2200.00)",₹110900.00
CUST00040,ORD340636,Jessica Davis,56,Female,jessica.davis.row0964@gmail.com,5.58588E+11,Brazil,Sao Paulo,18-09-2025,VIP,₹3400.00,"Leather Belt (₹1200.00), Slim Fit Jeans (₹2200.00)",₹40200.00
CUST00041,ORD430280,Anil Gupta,56,Male,anil.gupta.row0123@gmail.com,9.11065E+11,India,Mumbai,25-08-2024,Trendsetter,₹4800.00,Bomber Jacket (₹4800.00),₹102400.00
CUST00042,ORD947138,Jane Davis,32,Female,jane.davis.row0665@gmail.com,16474631845,USA,New York,20-01-2024,Frequent Buyer,₹3850.00,"Black T-Shirt (₹950.00), Slim Fit Jeans (₹2200.00), Scarf (₹700.00)",₹42650.00
CUST00043,ORD926805,Pihu Singh,36,Female,pihu.singh.row0417@gmail.com,9.17838E+11,India,Mumbai,14-05-2026,High Value,₹8900.00,"Slim Fit Jeans (₹2200.00), Sneakers (₹3500.00), Blue Denim Jacket (₹3200.00)",₹16200.00
CUST00044,ORD255468,Shaurya Nair,24,Male,shaurya.nair.row0167@gmail.com,9.12465E+11,India,Mumbai,26-08-2025,VIP,₹700.00,Scarf (₹700.00),₹80400.00
CUST00045,ORD409029,Ira Verma,32,Female,ira.verma.row0465@gmail.com,9.1495E+11,India,Delhi,16-04-2026,Discount Seeker,₹5900.00,"Leather Belt (₹1200.00), Black Denim Jeans (₹2500.00), Slim Fit Jeans (₹2200.00)",₹142000.00
CUST00046,ORD340173,Pari Reddy,50,Female,pari.reddy.row0256@gmail.com,9.19377E+11,India,Pune,16-05-2025,VIP,₹2600.00,"Wallet (₹1800.00), Cap (₹800.00)",₹48400.00
CUST00047,ORD203751,Aadhya Banerjee,22,Female,aadhya.banerjee.row0155@gmail.com,9.19208E+11,India,Chennai,08-05-2024,Frequent Buyer,₹8300.00,"Sneakers (₹3500.00), Bomber Jacket (₹4800.00)",₹113400.00
CUST00048,ORD564815,Diya Bose,37,Female,diya.bose.row0339@gmail.com,9.13791E+11,India,Pune,18-07-2024,High Value,₹4300.00,"Slim Fit Jeans (₹2200.00), White T-Shirt (₹900.00), Leather Belt (₹1200.00)",₹55200.00
CUST00049,ORD300867,Liam Garcia,22,Male,liam.garcia.row0953@gmail.com,9.71691E+12,UAE,Dubai,18-01-2025,High Value,₹900.00,White T-Shirt (₹900.00),₹60900.00
CUST00050,ORD575950,Lucas Williams,18,Male,lucas.williams.row0812@gmail.com,6.56E+11,Singapore,Singapore,08-09-2025,High Value,₹4150.00,"Loafers (₹3200.00), Black T-Shirt (₹950.00)",₹113550.00
CUST00051,ORD275660,Rahul Joshi,39,Male,rahul.joshi.row0175@gmail.com,9.14047E+11,India,Delhi,19-03-2024,Trendsetter,₹950.00,Black T-Shirt (₹950.00),₹120650.00
CUST00052,ORD343337,Rohan Pillai,49,Male,rohan.pillai.row0384@gmail.com,9.11067E+11,India,Bengaluru,14-10-2025,Loyal Customer,₹6700.00,"Sneakers (₹3500.00), Blue Denim Jacket (₹3200.00)",₹92300.00
CUST00053,ORD875474,Reyansh Patel,29,Male,reyansh.patel.row0165@gmail.com,91524089152,India,Delhi,08-01-2026,Loyal Customer,₹3500.00,Sneakers (₹3500.00),₹53400.00
CUST00054,ORD103936,Ava Williams,45,Female,ava.williams.row0572@gmail.com,8.14966E+11,Japan,Kyoto,29-08-2024,High Value,₹10100.00,"Hoodie (₹2400.00), Blue Denim Jacket (₹3200.00), Running Shoes (₹4500.00)",₹26900.00
CUST00055,ORD882860,Oliver Smith,24,Male,oliver.smith.row0756@gmail.com,16741112869,USA,Chicago,17-10-2025,Churn Risk,₹6500.00,"Wallet (₹1800.00), Slim Fit Jeans (₹2200.00), Black Denim Jeans (₹2500.00)",₹45600.00
CUST00056,ORD428233,Ava Smith,23,Female,ava.smith.row0826@gmail.com,8.17341E+11,Japan,Osaka,18-10-2024,Discount Seeker,₹1200.00,Leather Belt (₹1200.00),₹85500.00
CUST00057,ORD736062,Mary Wilson,38,Female,mary.wilson.row0814@gmail.com,61376412007,Australia,Melbourne,05-05-2024,VIP,₹1800.00,Wallet (₹1800.00),₹55900.00
CUST00058,ORD819469,Reyansh Sharma,15,Male,reyansh.sharma.row0403@gmail.com,9.1449E+11,India,Mumbai,30-07-2025,Churn Risk,₹4600.00,"Black Denim Jeans (₹2500.00), Leather Belt (₹1200.00), White T-Shirt (₹900.00)",₹14800.00
CUST00059,ORD648928,John Wilson,24,Male,john.wilson.row0629@gmail.com,15830808053,Canada,Vancouver,27-05-2024,Trendsetter,₹1800.00,Wallet (₹1800.00),₹41700.00
CUST00060,ORD296822,Avani Das,38,Female,avani.das.row0432@gmail.com,9.11391E+11,India,Hyderabad,18-07-2025,VIP,₹900.00,White T-Shirt (₹900.00),₹112100.00
CUST00061,ORD417919,Mary Martinez,36,Female,mary.martinez.row0860@gmail.com,13792088953,USA,Los Angeles,21-04-2026,Frequent Buyer,₹8300.00,"Wallet (₹1800.00), Loafers (₹3200.00), Black Denim Jeans (₹2500.00), Cap (₹800.00)",₹112100.00
CUST00062,ORD136000,John Wilson,26,Male,john.wilson.row0548@gmail.com,4.94415E+11,Germany,Berlin,29-11-2025,Churn Risk,₹3500.00,Sneakers (₹3500.00),₹138700.00
CUST00063,ORD234166,Rajesh Iyer,31,Male,rajesh.iyer.row0328@gmail.com,9.11679E+11,India,Hyderabad,14-11-2024,Frequent Buyer,₹9200.00,"Cap (₹800.00), Scarf (₹700.00), Running Shoes (₹4500.00), Loafers (₹3200.00)",₹95600.00
CUST00064,ORD515428,Pari Verma,53,Female,pari.verma.row0189@gmail.com,9.19866E+11,India,Delhi,04-05-2025,High Value,₹10600.00,"Wallet (₹1800.00), Sneakers (₹3500.00), Cap (₹800.00), Running Shoes (₹4500.00)",₹41000.00
CUST00065,ORD159059,Michael Wilson,44,Male,michael.wilson.row0670@gmail.com,9.71807E+12,UAE,Abu Dhabi,01-02-2026,Discount Seeker,₹1900.00,"Scarf (₹700.00), Leather Belt (₹1200.00)",₹106000.00
CUST00066,ORD181466,Anika Verma,18,Female,anika.verma.row0057@gmail.com,9.17204E+11,India,Bengaluru,03-09-2024,Discount Seeker,₹4700.00,"Black Denim Jeans (₹2500.00), Slim Fit Jeans (₹2200.00)",₹41000.00
CUST00067,ORD993680,Prisha Verma,49,Female,prisha.verma.row0058@gmail.com,9.1832E+11,India,Hyderabad,25-05-2024,Churn Risk,₹800.00,Cap (₹800.00),₹6700.00
CUST00068,ORD797472,Jane Johnson,40,Female,jane.johnson.row0535@gmail.com,1754203719,Canada,Vancouver,16-06-2025,Loyal Customer,₹16300.00,"Hoodie (₹2400.00), Loafers (₹3200.00), Winter Coat (₹7200.00), Sneakers (₹3500.00)",₹72700.00
CUST00069,ORD592536,Krishna Chatterjee,41,Male,krishna.chatterjee.row0218@gmail.com,9.18516E+11,India,Mumbai,22-03-2024,High Value,₹8900.00,"Slim Fit Jeans (₹2200.00), Sneakers (₹3500.00), Loafers (₹3200.00)",₹113200.00
CUST00070,ORD721439,Ava Thomas,36,Female,ava.thomas.row0916@gmail.com,13213412364,USA,Chicago,04-10-2024,Frequent Buyer,₹12600.00,"Winter Coat (₹7200.00), Leather Belt (₹1200.00), Wallet (₹1800.00), Hoodie (₹2400.00)",₹52200.00
CUST00071,ORD831583,James Davis,37,Male,james.davis.row0933@gmail.com,6.58656E+11,Singapore,Singapore,23-01-2026,Discount Seeker,₹10100.00,"Winter Coat (₹7200.00), Slim Fit Jeans (₹2200.00), Scarf (₹700.00)",₹98900.00
CUST00072,ORD429876,Sanjay Iyer,27,Male,sanjay.iyer.row0147@gmail.com,9.18286E+11,India,Delhi,23-04-2025,Churn Risk,₹800.00,Cap (₹800.00),₹130200.00
CUST00073,ORD801506,Emily Garcia,25,Female,emily.garcia.row0570@gmail.com,2.76662E+11,South Africa,Cape Town,14-02-2024,VIP,₹8000.00,"Slim Fit Jeans (₹2200.00), Wallet (₹1800.00), Blue Denim Jacket (₹3200.00), Cap (₹800.00)",₹82300.00
CUST00074,ORD427922,Michael Garcia,52,Male,michael.garcia.row0806@gmail.com,6.55689E+11,Singapore,Singapore,16-05-2024,High Value,₹9700.00,"Scarf (₹700.00), Bomber Jacket (₹4800.00), Wallet (₹1800.00), Hoodie (₹2400.00)",₹50900.00
CUST00075,ORD189048,Ira Bose,43,Female,ira.bose.row0079@gmail.com,9.12289E+11,India,Chennai,26-01-2024,Frequent Buyer,₹1800.00,Wallet (₹1800.00),₹81700.00
CUST00076,ORD462180,Oliver Thomas,18,Male,oliver.thomas.row1031@gmail.com,2.73961E+11,South Africa,Johannesburg,07-11-2025,Trendsetter,₹4200.00,"Cap (₹800.00), Slim Fit Jeans (₹2200.00), Leather Belt (₹1200.00)",₹133800.00
CUST00077,ORD174550,David Taylor,22,Male,david.taylor.row0694@gmail.com,3.39643E+11,France,Paris,09-07-2025,High Value,₹6500.00,"Wallet (₹1800.00), Leather Belt (₹1200.00), Sneakers (₹3500.00)",₹74400.00
CUST00078,ORD568831,Alex Smith,22,Male,alex.smith.row0973@gmail.com,3.36151E+11,France,Paris,13-12-2025,Churn Risk,₹8950.00,"Cap (₹800.00), Bomber Jacket (₹4800.00), Hoodie (₹2400.00), Black T-Shirt (₹950.00)",₹20750.00
CUST00079,ORD369001,Anika Chatterjee,33,Female,anika.chatterjee.row0124@gmail.com,9.18537E+11,India,Mumbai,13-07-2024,Trendsetter,₹4800.00,Bomber Jacket (₹4800.00),₹55300.00
CUST00080,ORD313324,Pari Gupta,42,Female,pari.gupta.row0185@gmail.com,9.1803E+11,India,Chennai,21-08-2024,VIP,₹8100.00,"Hoodie (₹2400.00), Running Shoes (₹4500.00), Leather Belt (₹1200.00)",₹119200.00
CUST00081,ORD974048,John Garcia,25,Male,john.garcia.row1004@gmail.com,4.42169E+11,UK,London,13-04-2025,Discount Seeker,₹9950.00,"Hoodie (₹2400.00), Bomber Jacket (₹4800.00), Black T-Shirt (₹950.00), Wallet (₹1800.00)",₹39650.00
CUST00082,ORD894537,David Johnson,46,Male,david.johnson.row1006@gmail.com,8.16735E+11,Japan,Tokyo,27-12-2024,Loyal Customer,₹5200.00,"Cap (₹800.00), Blue Denim Jacket (₹3200.00), Leather Belt (₹1200.00)",₹90500.00
CUST00083,ORD581808,Jessica Jones,45,Female,jessica.jones.row0884@gmail.com,4.93566E+11,Germany,Berlin,18-06-2025,Churn Risk,₹6500.00,"Sneakers (₹3500.00), Formal Shirt (₹2200.00), Cap (₹800.00)",₹90600.00
CUST00084,ORD262414,Pari Bose,18,Female,pari.bose.row0458@gmail.com,9.18214E+11,India,Hyderabad,19-10-2024,Trendsetter,₹6700.00,"Running Shoes (₹4500.00), Slim Fit Jeans (₹2200.00)",₹62200.00
CUST00085,ORD184115,Anil Kumar,32,Male,anil.kumar.row0368@gmail.com,9.12566E+11,India,Bengaluru,09-06-2025,Loyal Customer,₹3500.00,Sneakers (₹3500.00),₹55900.00
CUST00086,ORD595629,Ira Singh,24,Female,ira.singh.row0072@gmail.com,9.14147E+11,India,Pune,17-09-2025,Trendsetter,₹2200.00,Slim Fit Jeans (₹2200.00),₹54700.00
CUST00087,ORD170796,Vijay Nair,58,Male,vijay.nair.row0477@gmail.com,9.15749E+11,India,Delhi,17-09-2024,Frequent Buyer,₹3500.00,Sneakers (₹3500.00),₹65300.00
CUST00088,ORD752991,Diya Patel,47,Female,diya.patel.row0166@gmail.com,9.13878E+11,India,Mumbai,29-09-2024,Loyal Customer,₹7800.00,"Blue Denim Jacket (₹3200.00), Slim Fit Jeans (₹2200.00), Hoodie (₹2400.00)",₹40800.00
CUST00089,ORD307942,Pihu Sharma,36,Female,pihu.sharma.row0505@gmail.com,9.13237E+11,India,Pune,26-10-2025,High Value,₹8000.00,"Winter Coat (₹7200.00), Cap (₹800.00)",₹106200.00
CUST00090,ORD422240,Ava Johnson,34,Female,ava.johnson.row0869@gmail.com,4.45753E+11,UK,Birmingham,12-03-2026,Trendsetter,₹1750.00,"Black T-Shirt (₹950.00), Cap (₹800.00)",₹11650.00
CUST00091,ORD921887,Vijay Shah,43,Male,vijay.shah.row0406@gmail.com,9.15083E+11,India,Chennai,03-12-2024,Loyal Customer,₹5600.00,"Leather Belt (₹1200.00), White T-Shirt (₹900.00), Sneakers (₹3500.00)",₹135800.00
CUST00092,ORD609514,Liam Thomas,23,Male,liam.thomas.row0645@gmail.com,81591784026,Japan,Tokyo,30-09-2025,VIP,₹6700.00,"Loafers (₹3200.00), Sneakers (₹3500.00)",₹102700.00
CUST00093,ORD766018,Pari Chatterjee,23,Female,pari.chatterjee.row0316@gmail.com,9.12902E+11,India,Chennai,10-05-2026,Trendsetter,₹6000.00,"Black Denim Jeans (₹2500.00), Sneakers (₹3500.00)",₹131500.00
CUST00094,ORD781672,Emily Rodriguez,33,Female,emily.rodriguez.row0699@gmail.com,4.43585E+11,UK,Birmingham,16-02-2026,Discount Seeker,₹9200.00,"Slim Fit Jeans (₹2200.00), Wallet (₹1800.00), Scarf (₹700.00), Running Shoes (₹4500.00)",₹83400.00
CUST00095,ORD790500,Sarah Smith,39,Female,sarah.smith.row0526@gmail.com,2.75002E+11,South Africa,Johannesburg,22-12-2024,Loyal Customer,₹2400.00,Hoodie (₹2400.00),₹118700.00
CUST00096,ORD958305,Emily Garcia,44,Female,emily.garcia.row0567@gmail.com,4.92695E+11,Germany,Munich,19-08-2025,Trendsetter,₹7450.00,"Cap (₹800.00), Black T-Shirt (₹950.00), Running Shoes (₹4500.00), Leather Belt (₹1200.00)",₹60450.00
CUST00097,ORD178420,Sunil Pillai,41,Male,sunil.pillai.row0369@gmail.com,9.18679E+11,India,Chennai,24-04-2024,High Value,₹4900.00,"Hoodie (₹2400.00), Black Denim Jeans (₹2500.00)",₹104200.00
CUST00098,ORD618731,Mary Rodriguez,22,Female,mary.rodriguez.row0801@gmail.com,13980548093,Canada,Toronto,18-05-2026,Loyal Customer,₹10100.00,"Formal Shirt (₹2200.00), Scarf (₹700.00), Winter Coat (₹7200.00)",₹135000.00
CUST00099,ORD499884,Lucas Thomas,49,Male,lucas.thomas.row0656@gmail.com,3.38783E+11,France,Lyon,08-08-2025,Discount Seeker,₹9900.00,"Loafers (₹3200.00), Formal Shirt (₹2200.00), Running Shoes (₹4500.00)",₹92500.00
CUST00100,ORD580107,Liam Smith,37,Male,liam.smith.row0904@gmail.com,14593194569,Canada,Montreal,03-01-2025,Trendsetter,₹700.00,Scarf (₹700.00),₹105200.00
CUST00101,ORD436132,James Taylor,50,Male,james.taylor.row0577@gmail.com,4.49743E+11,UK,Manchester,26-03-2025,Trendsetter,₹4800.00,Bomber Jacket (₹4800.00),₹104500.00
CUST00102,ORD195417,Pari Verma,33,Female,pari.verma.row0024@gmail.com,9.15589E+11,India,Pune,19-07-2025,Churn Risk,₹2900.00,"Leather Belt (₹1200.00), Cap (₹800.00), White T-Shirt (₹900.00)",₹142300.00
CUST00103,ORD549712,Aditya Joshi,18,Male,aditya.joshi.row0343@gmail.com,9.15416E+11,India,Delhi,03-11-2024,Discount Seeker,₹4800.00,Bomber Jacket (₹4800.00),₹144100.00
CUST00104,ORD915108,Ira Kumar,33,Female,ira.kumar.row0448@gmail.com,91804427471,India,Mumbai,13-10-2025,VIP,₹15000.00,"Hoodie (₹2400.00), Loafers (₹3200.00), Slim Fit Jeans (₹2200.00), Winter Coat (₹7200.00)",₹26300.00
CUST00105,ORD621496,Anil Sharma,22,Male,anil.sharma.row0489@gmail.com,91942538691,India,Hyderabad,25-02-2026,Loyal Customer,₹9400.00,"Slim Fit Jeans (₹2200.00), Bomber Jacket (₹4800.00), Hoodie (₹2400.00)",₹138400.00
CUST00106,ORD579419,Rajesh Patel,18,Male,rajesh.patel.row0261@gmail.com,91996005365,India,Pune,13-02-2026,Frequent Buyer,₹5600.00,"Hoodie (₹2400.00), Blue Denim Jacket (₹3200.00)",₹140900.00
CUST00107,ORD272353,David Anderson,32,Male,david.anderson.row0733@gmail.com,6.1531E+11,Australia,Sydney,05-03-2024,Trendsetter,₹6700.00,"Hoodie (₹2400.00), Black Denim Jeans (₹2500.00), Wallet (₹1800.00)",₹139900.00
CUST00108,ORD941363,Michael Thomas,29,Male,michael.thomas.row0795@gmail.com,2.78163E+11,South Africa,Cape Town,05-01-2025,VIP,₹3200.00,Blue Denim Jacket (₹3200.00),₹87100.00
CUST00109,ORD551120,Ava Miller,30,Female,ava.miller.row0762@gmail.com,17292420961,USA,Chicago,28-02-2024,VIP,₹950.00,Black T-Shirt (₹950.00),₹105550.00
CUST00110,ORD430339,Sunil Verma,29,Male,sunil.verma.row0135@gmail.com,91129204617,India,Chennai,30-01-2024,Frequent Buyer,₹12500.00,"Wallet (₹1800.00), Sneakers (₹3500.00), Winter Coat (₹7200.00)",₹108400.00
CUST00111,ORD592152,Deepak Pillai,32,Male,deepak.pillai.row0422@gmail.com,9.16761E+11,India,Chennai,24-05-2025,Discount Seeker,₹3150.00,"Black T-Shirt (₹950.00), Formal Shirt (₹2200.00)",₹21750.00
CUST00112,ORD435735,Ava Rodriguez,23,Female,ava.rodriguez.row0673@gmail.com,4.94523E+11,Germany,Berlin,12-02-2024,Churn Risk,₹7200.00,Winter Coat (₹7200.00),₹74600.00
CUST00113,ORD987574,Anika Das,25,Female,anika.das.row0284@gmail.com,9.11494E+11,India,Delhi,06-05-2026,High Value,₹9600.00,"Slim Fit Jeans (₹2200.00), Formal Shirt (₹2200.00), Running Shoes (₹4500.00), Scarf (₹700.00)",₹118400.00
CUST00114,ORD610143,Oliver Wilson,40,Male,oliver.wilson.row0836@gmail.com,9.71785E+12,UAE,Dubai,23-11-2025,Trendsetter,₹9500.00,"Black Denim Jeans (₹2500.00), Bomber Jacket (₹4800.00), Formal Shirt (₹2200.00)",₹30800.00
CUST00115,ORD656733,Ananya Verma,25,Female,ananya.verma.row0373@gmail.com,9.19857E+11,India,Mumbai,11-06-2026,VIP,₹6300.00,"Blue Denim Jacket (₹3200.00), Slim Fit Jeans (₹2200.00), White T-Shirt (₹900.00)",₹41300.00
CUST00116,ORD130376,Amit Kumar,16,Male,amit.kumar.row0034@gmail.com,9.12946E+11,India,Delhi,24-01-2025,Trendsetter,₹5000.00,"Wallet (₹1800.00), Loafers (₹3200.00)",₹58100.00
CUST00117,ORD934826,Avani Shah,17,Female,avani.shah.row0177@gmail.com,9.12716E+11,India,Mumbai,11-06-2026,Churn Risk,₹3600.00,"Hoodie (₹2400.00), Leather Belt (₹1200.00)",₹132100.00
CUST00118,ORD201706,John Brown,19,Male,john.brown.row0925@gmail.com,4.9614E+11,Germany,Munich,03-05-2026,Churn Risk,₹8700.00,"Scarf (₹700.00), Blue Denim Jacket (₹3200.00), Bomber Jacket (₹4800.00)",₹145000.00
CUST00119,ORD248488,Rahul Chatterjee,24,Male,rahul.chatterjee.row0381@gmail.com,9.14579E+11,India,Mumbai,20-02-2024,Frequent Buyer,₹3200.00,Loafers (₹3200.00),₹47000.00
CUST00120,ORD755171,Vihaan Nair,17,Male,vihaan.nair.row0076@gmail.com,9.1891E+11,India,Pune,04-03-2026,Discount Seeker,₹950.00,Black T-Shirt (₹950.00),₹116350.00
CUST00121,ORD291488,Jessica Jones,40,Female,jessica.jones.row0604@gmail.com,3.35444E+11,France,Paris,05-08-2025,Loyal Customer,₹6700.00,"Loafers (₹3200.00), Sneakers (₹3500.00)",₹120300.00
CUST00122,ORD865525,Shaurya Pillai,36,Male,shaurya.pillai.row0017@gmail.com,9.1842E+11,India,Chennai,20-01-2025,Frequent Buyer,₹3200.00,Blue Denim Jacket (₹3200.00),₹53000.00
CUST00123,ORD882172,Jane Jones,18,Female,jane.jones.row0951@gmail.com,44443704836,UK,London,20-05-2025,Trendsetter,₹8400.00,"Running Shoes (₹4500.00), Scarf (₹700.00), Blue Denim Jacket (₹3200.00)",₹110400.00
CUST00124,ORD958714,Aadhya Reddy,38,Female,aadhya.reddy.row0059@gmail.com,91216140600,India,Bengaluru,06-01-2024,High Value,₹900.00,White T-Shirt (₹900.00),₹121700.00
CUST00125,ORD170355,Vivaan Mehra,48,Male,vivaan.mehra.row0235@gmail.com,9.12383E+11,India,Hyderabad,17-04-2024,VIP,₹2200.00,Formal Shirt (₹2200.00),₹120900.00
CUST00126,ORD549691,Anil Shah,29,Male,anil.shah.row0164@gmail.com,9.1306E+11,India,Bengaluru,21-09-2025,Trendsetter,₹5100.00,"Sneakers (₹3500.00), White T-Shirt (₹900.00), Scarf (₹700.00)",₹16500.00
CUST00127,ORD149806,Emily Williams,24,Female,emily.williams.row0563@gmail.com,2.76979E+11,South Africa,Cape Town,26-03-2025,Trendsetter,₹5600.00,"Bomber Jacket (₹4800.00), Cap (₹800.00)",₹49900.00
CUST00128,ORD774220,Mary Davis,51,Female,mary.davis.row0828@gmail.com,18255463311,Canada,Montreal,24-08-2025,Frequent Buyer,₹2400.00,Hoodie (₹2400.00),₹104400.00
CUST00129,ORD620045,Sanjay Mehra,54,Male,sanjay.mehra.row0453@gmail.com,9.18912E+11,India,Chennai,21-04-2026,Frequent Buyer,₹13600.00,"White T-Shirt (₹900.00), Bomber Jacket (₹4800.00), Scarf (₹700.00), Winter Coat (₹7200.00)",₹60800.00
CUST00130,ORD415294,Sarah Rodriguez,18,Female,sarah.rodriguez.row1023@gmail.com,5.58524E+11,Brazil,Sao Paulo,10-02-2025,VIP,₹3450.00,"Black Denim Jeans (₹2500.00), Black T-Shirt (₹950.00)",₹17250.00
CUST00131,ORD569305,Michael Jones,38,Male,michael.jones.row0698@gmail.com,9.71104E+12,UAE,Dubai,09-04-2025,Churn Risk,₹5450.00,"Black T-Shirt (₹950.00), Running Shoes (₹4500.00)",₹12950.00
CUST00132,ORD143744,Sai Kumar,29,Male,sai.kumar.row0044@gmail.com,9.18024E+11,India,Hyderabad,29-04-2026,Trendsetter,₹8000.00,"Bomber Jacket (₹4800.00), Loafers (₹3200.00)",₹95200.00
CUST00133,ORD343895,Prisha Rao,39,Female,prisha.rao.row0347@gmail.com,91194940414,India,Bengaluru,19-10-2025,Churn Risk,₹7900.00,"Scarf (₹700.00), Winter Coat (₹7200.00)",₹33400.00
CUST00134,ORD236371,James Wilson,31,Male,james.wilson.row0619@gmail.com,17414010620,USA,Houston,25-02-2024,VIP,₹2150.00,"Black T-Shirt (₹950.00), Leather Belt (₹1200.00)",₹122550.00
CUST00135,ORD108868,Michael Jones,20,Male,michael.jones.row0569@gmail.com,8.18485E+11,Japan,Tokyo,21-12-2025,Frequent Buyer,₹1800.00,Wallet (₹1800.00),₹16200.00
CUST00136,ORD903182,Ananya Joshi,30,Female,ananya.joshi.row0340@gmail.com,9.19836E+11,India,Delhi,19-07-2025,Loyal Customer,₹7650.00,"Black T-Shirt (₹950.00), Bomber Jacket (₹4800.00), Leather Belt (₹1200.00), Scarf (₹700.00)",₹31750.00
CUST00137,ORD254668,Anil Chatterjee,43,Male,anil.chatterjee.row0090@gmail.com,91215391758,India,Bengaluru,18-05-2025,Churn Risk,₹10800.00,"Hoodie (₹2400.00), Leather Belt (₹1200.00), Winter Coat (₹7200.00)",₹127300.00
CUST00138,ORD557874,David Taylor,37,Male,david.taylor.row0649@gmail.com,8.12568E+11,Japan,Kyoto,20-04-2025,Frequent Buyer,₹6600.00,"Loafers (₹3200.00), Leather Belt (₹1200.00), Slim Fit Jeans (₹2200.00)",₹117500.00
CUST00139,ORD999026,Pari Kumar,27,Female,pari.kumar.row0202@gmail.com,9.12415E+11,India,Mumbai,05-12-2025,VIP,₹4300.00,"Wallet (₹1800.00), Black Denim Jeans (₹2500.00)",₹102900.00
CUST00140,ORD253461,Arjun Reddy,41,Male,arjun.reddy.row0111@gmail.com,9.14533E+11,India,Bengaluru,11-07-2024,Trendsetter,₹7000.00,"Bomber Jacket (₹4800.00), Slim Fit Jeans (₹2200.00)",₹32900.00
CUST00141,ORD913844,Michael Taylor,38,Male,michael.taylor.row0874@gmail.com,13883306604,USA,Chicago,06-04-2025,Trendsetter,₹2200.00,Formal Shirt (₹2200.00),₹46200.00
CUST00142,ORD376366,John Taylor,37,Male,john.taylor.row0864@gmail.com,18089645922,USA,Houston,03-01-2024,Frequent Buyer,₹5600.00,"Bomber Jacket (₹4800.00), Cap (₹800.00)",₹93500.00
CUST00143,ORD662091,Michael Thomas,26,Male,michael.thomas.row0573@gmail.com,17280631343,USA,New York,18-02-2025,Discount Seeker,₹4800.00,Bomber Jacket (₹4800.00),₹105500.00
CUST00144,ORD300068,Oliver Johnson,41,Male,oliver.johnson.row0715@gmail.com,4.43451E+11,UK,Birmingham,08-08-2024,Frequent Buyer,₹10700.00,"Formal Shirt (₹2200.00), Blue Denim Jacket (₹3200.00), Sneakers (₹3500.00), Wallet (₹1800.00)",₹57000.00
CUST00145,ORD152715,Oliver Wilson,49,Male,oliver.wilson.row0857@gmail.com,11035359810,USA,Chicago,15-01-2025,Loyal Customer,₹5500.00,"Bomber Jacket (₹4800.00), Scarf (₹700.00)",₹40300.00
CUST00146,ORD824585,Amit Iyer,47,Male,amit.iyer.row0260@gmail.com,9.19064E+11,India,Hyderabad,19-02-2025,Discount Seeker,₹7500.00,"Wallet (₹1800.00), Sneakers (₹3500.00), Slim Fit Jeans (₹2200.00)",₹79600.00
CUST00147,ORD206482,Lucas Anderson,45,Male,lucas.anderson.row0838@gmail.com,6.17573E+11,Australia,Sydney,07-11-2024,High Value,₹8000.00,"Blue Denim Jacket (₹3200.00), Bomber Jacket (₹4800.00)",₹127600.00
CUST00148,ORD148920,Mary Rodriguez,33,Female,mary.rodriguez.row0971@gmail.com,1847552277,Canada,Toronto,24-08-2025,Churn Risk,₹2200.00,Slim Fit Jeans (₹2200.00),₹134200.00
CUST00149,ORD286073,Deepak Verma,17,Male,deepak.verma.row0274@gmail.com,9.15645E+11,India,Chennai,04-03-2025,Loyal Customer,₹7700.00,"Running Shoes (₹4500.00), Cap (₹800.00), Hoodie (₹2400.00)",₹20600.00
CUST00150,ORD645843,Mary Brown,42,Female,mary.brown.row0524@gmail.com,4.92813E+11,Germany,Munich,25-04-2025,Frequent Buyer,₹9400.00,"Wallet (₹1800.00), Formal Shirt (₹2200.00), White T-Shirt (₹900.00), Running Shoes (₹4500.00)",₹55500.00
CUST00151,ORD121676,Rajesh Iyer,24,Male,rajesh.iyer.row0379@gmail.com,9.19336E+11,India,Bengaluru,08-05-2024,Loyal Customer,₹11500.00,"Blue Denim Jacket (₹3200.00), Bomber Jacket (₹4800.00), Sneakers (₹3500.00)",₹95100.00
CUST00152,ORD446139,Anika Mukherjee,49,Female,anika.mukherjee.row0172@gmail.com,9.19378E+11,India,Hyderabad,22-06-2025,High Value,₹9400.00,"Hoodie (₹2400.00), Formal Shirt (₹2200.00), Bomber Jacket (₹4800.00)",₹35700.00
CUST00153,ORD191608,Amelia Thomas,31,Female,amelia.thomas.row0878@gmail.com,6.15392E+11,Australia,Sydney,12-11-2025,Trendsetter,₹7600.00,"Loafers (₹3200.00), Formal Shirt (₹2200.00), Slim Fit Jeans (₹2200.00)",₹77800.00
CUST00154,ORD685644,Sai Mishra,31,Male,sai.mishra.row0004@gmail.com,9.13133E+11,India,Bengaluru,06-03-2026,Discount Seeker,₹6700.00,"Bomber Jacket (₹4800.00), Scarf (₹700.00), Leather Belt (₹1200.00)",₹42600.00
CUST00155,ORD702646,Shaurya Verma,33,Male,shaurya.verma.row0387@gmail.com,9.16242E+11,India,Mumbai,20-10-2025,High Value,₹2900.00,"Scarf (₹700.00), Slim Fit Jeans (₹2200.00)",₹104100.00
CUST00156,ORD229007,Rohan Gupta,15,Male,rohan.gupta.row0367@gmail.com,91985066185,India,Mumbai,14-10-2024,High Value,₹15000.00,"Hoodie (₹2400.00), Winter Coat (₹7200.00), Slim Fit Jeans (₹2200.00), Blue Denim Jacket (₹3200.00)",₹145200.00
CUST00157,ORD409671,Vikram Chatterjee,48,Male,vikram.chatterjee.row0262@gmail.com,9.12654E+11,India,Mumbai,03-08-2024,Frequent Buyer,₹1200.00,Leather Belt (₹1200.00),₹135700.00
CUST00158,ORD882595,Ishaan Nair,23,Male,ishaan.nair.row0145@gmail.com,9.16135E+11,India,Bengaluru,21-05-2025,Frequent Buyer,₹2200.00,Slim Fit Jeans (₹2200.00),₹129100.00
CUST00159,ORD447522,Emily Garcia,41,Female,emily.garcia.row0706@gmail.com,6.56429E+11,Singapore,Singapore,08-08-2025,Frequent Buyer,₹5850.00,"Black T-Shirt (₹950.00), Black Denim Jeans (₹2500.00), Hoodie (₹2400.00)",₹133850.00
CUST00160,ORD944635,Jane Jones,24,Female,jane.jones.row0613@gmail.com,6.53979E+11,Singapore,Singapore,14-11-2025,Churn Risk,₹8900.00,"Hoodie (₹2400.00), Sneakers (₹3500.00), Slim Fit Jeans (₹2200.00), Cap (₹800.00)",₹101100.00
CUST00161,ORD749088,Ishaan Patel,40,Male,ishaan.patel.row0013@gmail.com,9.11311E+11,India,Hyderabad,16-02-2025,Discount Seeker,₹5900.00,"Cap (₹800.00), Leather Belt (₹1200.00), Loafers (₹3200.00), Scarf (₹700.00)",₹51400.00
CUST00162,ORD205925,John Brown,24,Male,john.brown.row0890@gmail.com,18697246185,Canada,Toronto,13-08-2024,Loyal Customer,₹800.00,Cap (₹800.00),₹58100.00
CUST00163,ORD206800,Rajesh Patel,46,Male,rajesh.patel.row0217@gmail.com,9.11646E+11,India,Hyderabad,28-03-2024,Loyal Customer,₹8700.00,"Cap (₹800.00), Scarf (₹700.00), Winter Coat (₹7200.00)",₹136100.00
CUST00164,ORD370846,Emily Smith,38,Female,emily.smith.row0830@gmail.com,2.7622E+11,South Africa,Cape Town,14-10-2024,Loyal Customer,₹10500.00,"Scarf (₹700.00), Cap (₹800.00), Winter Coat (₹7200.00), Wallet (₹1800.00)",₹76200.00
CUST00165,ORD429124,Vikram Mukherjee,18,Male,vikram.mukherjee.row0395@gmail.com,9.19313E+11,India,Bengaluru,24-04-2024,Churn Risk,₹7100.00,"Running Shoes (₹4500.00), Wallet (₹1800.00), Cap (₹800.00)",₹85700.00
CUST00166,ORD930750,Liam Anderson,35,Male,liam.anderson.row0653@gmail.com,27984725834,South Africa,Johannesburg,26-05-2025,VIP,₹5700.00,"Sneakers (₹3500.00), Slim Fit Jeans (₹2200.00)",₹24300.00
CUST00167,ORD711529,Ava Johnson,47,Female,ava.johnson.row0533@gmail.com,3.33049E+11,France,Lyon,22-03-2025,Trendsetter,₹3700.00,"Leather Belt (₹1200.00), Black Denim Jeans (₹2500.00)",₹139400.00
CUST00168,ORD694803,Rohan Das,40,Male,rohan.das.row0514@gmail.com,9.1569E+11,India,Bengaluru,09-08-2024,Trendsetter,₹6150.00,"Scarf (₹700.00), Black T-Shirt (₹950.00), Running Shoes (₹4500.00)",₹73550.00
CUST00169,ORD237319,Liam Wilson,34,Male,liam.wilson.row0731@gmail.com,11500692278,USA,Chicago,10-10-2025,Trendsetter,₹6100.00,"Slim Fit Jeans (₹2200.00), Blue Denim Jacket (₹3200.00), Scarf (₹700.00)",₹33100.00
CUST00170,ORD183099,Aditya Singh,43,Male,aditya.singh.row0097@gmail.com,9.16445E+11,India,Bengaluru,18-01-2026,Churn Risk,₹3300.00,"Black Denim Jeans (₹2500.00), Cap (₹800.00)",₹133500.00
CUST00171,ORD179866,Ananya Singh,28,Female,ananya.singh.row0120@gmail.com,9.19625E+11,India,Chennai,20-09-2025,Frequent Buyer,₹9300.00,"Bomber Jacket (₹4800.00), Running Shoes (₹4500.00)",₹54100.00
CUST00172,ORD455509,Jane Martinez,36,Female,jane.martinez.row0758@gmail.com,8.18571E+11,Japan,Osaka,13-10-2024,Loyal Customer,₹5000.00,"Wallet (₹1800.00), Loafers (₹3200.00)",₹65200.00
CUST00173,ORD830365,Alex Garcia,19,Male,alex.garcia.row0930@gmail.com,8.17173E+11,Japan,Kyoto,21-10-2024,Churn Risk,₹1200.00,Leather Belt (₹1200.00),₹3300.00
CUST00174,ORD105573,Liam Garcia,27,Male,liam.garcia.row0784@gmail.com,3.313E+11,France,Lyon,03-01-2024,Churn Risk,₹8700.00,"Scarf (₹700.00), Winter Coat (₹7200.00), Cap (₹800.00)",₹93800.00
CUST00175,ORD850140,Alex Davis,32,Male,alex.davis.row0832@gmail.com,18631657079,USA,New York,13-03-2024,Churn Risk,₹7700.00,"Running Shoes (₹4500.00), Blue Denim Jacket (₹3200.00)",₹23100.00
CUST00176,ORD163602,Anil Singh,23,Male,anil.singh.row0092@gmail.com,9.1609E+11,India,Hyderabad,13-11-2024,VIP,₹6350.00,"Black T-Shirt (₹950.00), Blue Denim Jacket (₹3200.00), Slim Fit Jeans (₹2200.00)",₹134350.00
CUST00177,ORD587495,Aadhya Rao,20,Female,aadhya.rao.row0506@gmail.com,9.11402E+11,India,Chennai,18-11-2025,Discount Seeker,₹9800.00,"Leather Belt (₹1200.00), Blue Denim Jacket (₹3200.00), Loafers (₹3200.00), Slim Fit Jeans (₹2200.00)",₹35600.00
CUST00178,ORD748121,Prisha Singh,58,Female,prisha.singh.row0010@gmail.com,9.17779E+11,India,Pune,01-08-2025,High Value,₹1200.00,Leather Belt (₹1200.00),₹137700.00
CUST00179,ORD658160,Oliver Smith,40,Male,oliver.smith.row0981@gmail.com,9.71776E+12,UAE,Abu Dhabi,13-04-2026,Trendsetter,₹7000.00,"Bomber Jacket (₹4800.00), Formal Shirt (₹2200.00)",₹71300.00
CUST00180,ORD816980,Anil Shah,35,Male,anil.shah.row0050@gmail.com,91421541226,India,Bengaluru,04-01-2024,Frequent Buyer,₹6500.00,"Formal Shirt (₹2200.00), Sneakers (₹3500.00), Cap (₹800.00)",₹144500.00
CUST00181,ORD427550,Jessica Smith,43,Female,jessica.smith.row0970@gmail.com,2.74027E+11,South Africa,Cape Town,03-02-2024,Frequent Buyer,₹6700.00,"Blue Denim Jacket (₹3200.00), Sneakers (₹3500.00)",₹65200.00
CUST00182,ORD706707,John Martinez,28,Male,john.martinez.row0774@gmail.com,4.98747E+11,Germany,Munich,27-07-2024,Frequent Buyer,₹13600.00,"Scarf (₹700.00), Blue Denim Jacket (₹3200.00), Black Denim Jeans (₹2500.00), Winter Coat (₹7200.00)",₹122800.00
CUST00183,ORD768599,Shaurya Mishra,34,Male,shaurya.mishra.row0288@gmail.com,9.19894E+11,India,Pune,25-10-2025,VIP,₹5650.00,"Leather Belt (₹1200.00), Sneakers (₹3500.00), Black T-Shirt (₹950.00)",₹92850.00
CUST00184,ORD627146,Amelia Davis,17,Female,amelia.davis.row0608@gmail.com,4.42269E+11,UK,Birmingham,07-08-2024,Frequent Buyer,₹13100.00,"White T-Shirt (₹900.00), Winter Coat (₹7200.00), Blue Denim Jacket (₹3200.00), Wallet (₹1800.00)",₹40100.00
CUST00185,ORD103884,Krishna Gupta,53,Male,krishna.gupta.row0134@gmail.com,9.12064E+11,India,Chennai,31-05-2025,Frequent Buyer,₹3900.00,"Scarf (₹700.00), Loafers (₹3200.00)",₹91000.00
CUST00186,ORD587401,David Rodriguez,18,Male,david.rodriguez.row0647@gmail.com,2.77914E+11,South Africa,Johannesburg,08-03-2025,Loyal Customer,₹2200.00,Slim Fit Jeans (₹2200.00),₹31900.00
CUST00187,ORD732807,Krishna Das,26,Male,krishna.das.row0243@gmail.com,9.12536E+11,India,Delhi,07-06-2024,Churn Risk,₹7700.00,"Loafers (₹3200.00), Leather Belt (₹1200.00), White T-Shirt (₹900.00), Hoodie (₹2400.00)",₹74200.00
CUST00188,ORD104249,Amelia Martinez,28,Female,amelia.martinez.row0556@gmail.com,6.58363E+11,Singapore,Singapore,17-04-2025,Discount Seeker,₹4500.00,Running Shoes (₹4500.00),₹120900.00
CUST00189,ORD788163,Prisha Mehra,35,Female,prisha.mehra.row0091@gmail.com,9.14589E+11,India,Delhi,05-04-2024,Loyal Customer,₹3500.00,Sneakers (₹3500.00),₹21700.00
CUST00190,ORD902467,Michael Miller,40,Male,michael.miller.row0752@gmail.com,14195967057,Canada,Montreal,27-04-2024,Discount Seeker,₹6550.00,"Black T-Shirt (₹950.00), Bomber Jacket (₹4800.00), Cap (₹800.00)",₹128850.00
CUST00191,ORD790824,Michael Anderson,39,Male,michael.anderson.row0611@gmail.com,17367852832,Canada,Montreal,06-01-2024,High Value,₹9800.00,"Loafers (₹3200.00), Running Shoes (₹4500.00), White T-Shirt (₹900.00), Leather Belt (₹1200.00)",₹78800.00
CUST00192,ORD977100,Lucas Miller,15,Male,lucas.miller.row0994@gmail.com,12750142407,USA,Los Angeles,22-05-2026,Loyal Customer,₹7450.00,"Cap (₹800.00), White T-Shirt (₹900.00), Bomber Jacket (₹4800.00), Black T-Shirt (₹950.00)",₹62350.00
CUST00193,ORD692700,Mary Thomas,31,Female,mary.thomas.row0955@gmail.com,5.54619E+11,Brazil,Rio de Janeiro,12-08-2025,High Value,₹800.00,Cap (₹800.00),₹67000.00
CUST00194,ORD367759,Amit Mukherjee,31,Male,amit.mukherjee.row0405@gmail.com,9.19408E+11,India,Chennai,09-05-2025,Loyal Customer,₹2400.00,Hoodie (₹2400.00),₹115500.00
CUST00195,ORD854402,Aditya Mukherjee,33,Male,aditya.mukherjee.row0065@gmail.com,9.15936E+11,India,Pune,04-08-2025,Frequent Buyer,₹8000.00,"Bomber Jacket (₹4800.00), Loafers (₹3200.00)",₹10600.00
CUST00196,ORD516440,James Johnson,38,Male,james.johnson.row0863@gmail.com,6.56745E+11,Singapore,Singapore,13-01-2025,VIP,₹8000.00,"Bomber Jacket (₹4800.00), Blue Denim Jacket (₹3200.00)",₹53400.00
CUST00197,ORD769643,Alex Johnson,45,Male,alex.johnson.row0679@gmail.com,6.12434E+11,Australia,Brisbane,22-02-2025,VIP,₹4400.00,"Leather Belt (₹1200.00), Blue Denim Jacket (₹3200.00)",₹109300.00
CUST00198,ORD804740,Jessica Rodriguez,39,Female,jessica.rodriguez.row0922@gmail.com,6.54923E+11,Singapore,Singapore,14-11-2025,Loyal Customer,₹5600.00,"White T-Shirt (₹900.00), Sneakers (₹3500.00), Leather Belt (₹1200.00)",₹88500.00
CUST00199,ORD446157,Michael Anderson,38,Male,michael.anderson.row0664@gmail.com,11335916065,USA,Houston,12-06-2026,Loyal Customer,₹9550.00,"Black T-Shirt (₹950.00), White T-Shirt (₹900.00), Blue Denim Jacket (₹3200.00), Running Shoes (₹4500.00)",₹141850.00
CUST00200,ORD211826,Oliver Anderson,17,Male,oliver.anderson.row0833@gmail.com,65195803838,Singapore,Singapore,03-02-2024,Churn Risk,₹3500.00,Sneakers (₹3500.00),₹59300.00
CUST00201,ORD226464,Jane Martinez,54,Female,jane.martinez.row0740@gmail.com,6.17401E+11,Australia,Melbourne,15-10-2024,Churn Risk,₹6300.00,"Loafers (₹3200.00), Slim Fit Jeans (₹2200.00), White T-Shirt (₹900.00)",₹49500.00
CUST00202,ORD622863,Mary Davis,35,Female,mary.davis.row0623@gmail.com,2.78382E+11,South Africa,Cape Town,22-05-2025,Discount Seeker,₹1800.00,Wallet (₹1800.00),₹51700.00
CUST00203,ORD902157,James Davis,42,Male,james.davis.row0586@gmail.com,6.57653E+11,Singapore,Singapore,11-09-2024,VIP,₹12500.00,"Bomber Jacket (₹4800.00), Blue Denim Jacket (₹3200.00), Running Shoes (₹4500.00)",₹36300.00
CUST00204,ORD703377,Michael Wilson,19,Male,michael.wilson.row0913@gmail.com,2.71958E+11,South Africa,Johannesburg,08-05-2024,VIP,₹3400.00,"Leather Belt (₹1200.00), Slim Fit Jeans (₹2200.00)",₹40800.00
CUST00205,ORD298975,Oliver Davis,31,Male,oliver.davis.row0552@gmail.com,5.51874E+11,Brazil,Sao Paulo,15-05-2025,Discount Seeker,₹2400.00,Hoodie (₹2400.00),₹11700.00
CUST00206,ORD110539,James Rodriguez,33,Male,james.rodriguez.row0680@gmail.com,3.3373E+11,France,Lyon,11-01-2026,Discount Seeker,₹5050.00,"White T-Shirt (₹900.00), Cap (₹800.00), Hoodie (₹2400.00), Black T-Shirt (₹950.00)",₹106350.00
CUST00207,ORD846912,David Williams,40,Male,david.williams.row0700@gmail.com,81969028108,Japan,Osaka,28-07-2025,Discount Seeker,₹6400.00,"Wallet (₹1800.00), Hoodie (₹2400.00), Formal Shirt (₹2200.00)",₹98200.00
CUST00208,ORD395580,Pari Singh,35,Female,pari.singh.row0390@gmail.com,9.13888E+11,India,Hyderabad,15-11-2024,Loyal Customer,₹12800.00,"Bomber Jacket (₹4800.00), Cap (₹800.00), Winter Coat (₹7200.00)",₹134900.00
CUST00209,ORD458738,Rohan Reddy,36,Male,rohan.reddy.row0110@gmail.com,9.15604E+11,India,Chennai,12-04-2026,Loyal Customer,₹10700.00,"Cap (₹800.00), Sneakers (₹3500.00), Blue Denim Jacket (₹3200.00), Loafers (₹3200.00)",₹48800.00
CUST00210,ORD649831,Alex Rodriguez,30,Male,alex.rodriguez.row0880@gmail.com,2.72618E+11,South Africa,Johannesburg,26-12-2024,Discount Seeker,₹6000.00,"Black Denim Jeans (₹2500.00), Sneakers (₹3500.00)",₹71800.00
CUST00211,ORD257494,Emma Anderson,36,Female,emma.anderson.row0968@gmail.com,5.58601E+11,Brazil,Rio de Janeiro,02-12-2024,Discount Seeker,₹9700.00,"Black Denim Jeans (₹2500.00), Winter Coat (₹7200.00)",₹78600.00
CUST00212,ORD608877,Arjun Kumar,52,Male,arjun.kumar.row0353@gmail.com,9.19498E+11,India,Mumbai,10-06-2025,Loyal Customer,₹7200.00,Winter Coat (₹7200.00),₹134700.00
CUST00213,ORD314620,Prisha Singh,44,Female,prisha.singh.row0411@gmail.com,9.17994E+11,India,Bengaluru,10-08-2024,Discount Seeker,₹6400.00,"Formal Shirt (₹2200.00), Hoodie (₹2400.00), Wallet (₹1800.00)",₹32500.00
CUST00214,ORD742596,Rahul Kumar,32,Male,rahul.kumar.row0490@gmail.com,9.18499E+11,India,Delhi,08-04-2025,Churn Risk,₹2200.00,Slim Fit Jeans (₹2200.00),₹108200.00
CUST00215,ORD467252,Rahul Pillai,18,Male,rahul.pillai.row0281@gmail.com,9.16327E+11,India,Hyderabad,13-10-2025,Frequent Buyer,₹9100.00,"Hoodie (₹2400.00), Loafers (₹3200.00), Sneakers (₹3500.00)",₹139200.00
CUST00216,ORD568590,Rahul Kumar,42,Male,rahul.kumar.row0382@gmail.com,9.16165E+11,India,Pune,12-03-2026,Loyal Customer,₹8100.00,"White T-Shirt (₹900.00), Winter Coat (₹7200.00)",₹79800.00
CUST00217,ORD560926,Emma Rodriguez,21,Female,emma.rodriguez.row0644@gmail.com,5.53467E+11,Brazil,Rio de Janeiro,02-02-2025,Loyal Customer,₹11700.00,"Formal Shirt (₹2200.00), Wallet (₹1800.00), Running Shoes (₹4500.00), Loafers (₹3200.00)",₹149300.00
CUST00218,ORD694280,Pihu Mehra,22,Female,pihu.mehra.row0365@gmail.com,9.18027E+11,India,Delhi,27-12-2024,Discount Seeker,₹10350.00,"Winter Coat (₹7200.00), Black T-Shirt (₹950.00), Slim Fit Jeans (₹2200.00)",₹93250.00
CUST00219,ORD203754,Vivaan Patel,36,Male,vivaan.patel.row0290@gmail.com,9.18603E+11,India,Chennai,24-03-2024,Discount Seeker,₹1800.00,Wallet (₹1800.00),₹10200.00
CUST00220,ORD506247,Sai Bose,32,Male,sai.bose.row0310@gmail.com,9.17047E+11,India,Bengaluru,06-11-2024,Discount Seeker,₹5900.00,"Black Denim Jeans (₹2500.00), Formal Shirt (₹2200.00), Leather Belt (₹1200.00)",₹96000.00
CUST00221,ORD287591,Shaurya Iyer,30,Male,shaurya.iyer.row0126@gmail.com,9.19233E+11,India,Mumbai,29-01-2025,VIP,₹6100.00,"Hoodie (₹2400.00), Leather Belt (₹1200.00), Scarf (₹700.00), Wallet (₹1800.00)",₹69100.00
CUST00222,ORD152230,Vikram Rao,39,Male,vikram.rao.row0159@gmail.com,9.17955E+11,India,Delhi,12-06-2026,Trendsetter,₹8200.00,"Black Denim Jeans (₹2500.00), Formal Shirt (₹2200.00), Sneakers (₹3500.00)",₹26500.00
CUST00223,ORD902250,Rahul Patel,23,Male,rahul.patel.row0330@gmail.com,91922729492,India,Hyderabad,24-04-2025,VIP,₹6650.00,"Leather Belt (₹1200.00), Black T-Shirt (₹950.00), Running Shoes (₹4500.00)",₹35350.00
CUST00224,ORD215743,Lucas Miller,28,Male,lucas.miller.row0995@gmail.com,4.44959E+11,UK,Manchester,13-10-2025,VIP,₹16700.00,"Wallet (₹1800.00), Running Shoes (₹4500.00), Winter Coat (₹7200.00), Blue Denim Jacket (₹3200.00)",₹152200.00
CUST00225,ORD133742,Anika Singh,47,Female,anika.singh.row0321@gmail.com,91109453597,India,Pune,16-03-2025,Frequent Buyer,₹15400.00,"Formal Shirt (₹2200.00), Leather Belt (₹1200.00), Bomber Jacket (₹4800.00), Winter Coat (₹7200.00)",₹125000.00
CUST00226,ORD371152,Aditya Iyer,33,Male,aditya.iyer.row0186@gmail.com,91737441816,India,Mumbai,04-10-2025,Churn Risk,₹6150.00,"Scarf (₹700.00), Running Shoes (₹4500.00), Black T-Shirt (₹950.00)",₹100450.00
CUST00227,ORD204017,Lucas Williams,27,Male,lucas.williams.row0738@gmail.com,6.55261E+11,Singapore,Singapore,30-01-2026,Trendsetter,₹7200.00,Winter Coat (₹7200.00),₹134700.00
CUST00228,ORD797610,Riya Gupta,30,Female,riya.gupta.row0181@gmail.com,9.14726E+11,India,Delhi,12-09-2024,Loyal Customer,₹8450.00,"Formal Shirt (₹2200.00), Wallet (₹1800.00), Black T-Shirt (₹950.00), Sneakers (₹3500.00)",₹140750.00
CUST00229,ORD399194,Aarav Mukherjee,38,Male,aarav.mukherjee.row0008@gmail.com,9.13402E+11,India,Hyderabad,10-02-2026,VIP,₹2100.00,"White T-Shirt (₹900.00), Leather Belt (₹1200.00)",₹45800.00
CUST00230,ORD327254,Jessica Miller,16,Female,jessica.miller.row0746@gmail.com,3.37141E+11,France,Marseille,07-02-2025,Frequent Buyer,₹1750.00,"Black T-Shirt (₹950.00), Cap (₹800.00)",₹27850.00
CUST00231,ORD260922,Vijay Chatterjee,19,Male,vijay.chatterjee.row0188@gmail.com,91894596673,India,Hyderabad,19-01-2025,Loyal Customer,₹4950.00,"Wallet (₹1800.00), Slim Fit Jeans (₹2200.00), Black T-Shirt (₹950.00)",₹84550.00
CUST00232,ORD293992,Anil Rao,39,Male,anil.rao.row0454@gmail.com,9.15859E+11,India,Pune,26-11-2024,Frequent Buyer,₹7200.00,"Hoodie (₹2400.00), Bomber Jacket (₹4800.00)",₹98300.00
CUST00233,ORD995786,Sarah Smith,22,Female,sarah.smith.row0727@gmail.com,11586719821,Canada,Montreal,20-12-2024,Churn Risk,₹800.00,Cap (₹800.00),₹30800.00
CUST00234,ORD543451,John Anderson,42,Male,john.anderson.row0824@gmail.com,6.17975E+11,Australia,Melbourne,01-12-2024,Churn Risk,₹3200.00,Blue Denim Jacket (₹3200.00),₹101500.00
CUST00235,ORD196124,Ava Jones,44,Female,ava.jones.row0561@gmail.com,4.91513E+11,Germany,Munich,30-09-2025,VIP,₹900.00,White T-Shirt (₹900.00),₹20300.00
CUST00236,ORD828139,Vihaan Verma,27,Male,vihaan.verma.row0429@gmail.com,9.13274E+11,India,Bengaluru,29-08-2024,Churn Risk,₹5350.00,"Black T-Shirt (₹950.00), Slim Fit Jeans (₹2200.00), Formal Shirt (₹2200.00)",₹29050.00
CUST00237,ORD984906,Anil Kumar,30,Male,anil.kumar.row0115@gmail.com,9.18532E+11,India,Bengaluru,30-04-2026,Discount Seeker,₹7100.00,"Blue Denim Jacket (₹3200.00), Scarf (₹700.00), Loafers (₹3200.00)",₹13200.00
CUST00238,ORD165640,Ananya Mishra,38,Female,ananya.mishra.row0344@gmail.com,91313011378,India,Delhi,12-08-2024,Trendsetter,₹18400.00,"Bomber Jacket (₹4800.00), Blue Denim Jacket (₹3200.00), Loafers (₹3200.00), Winter Coat (₹7200.00)",₹80700.00
CUST00239,ORD166999,Krishna Verma,26,Male,krishna.verma.row0027@gmail.com,9.12265E+11,India,Bengaluru,10-02-2025,High Value,₹5350.00,"Scarf (₹700.00), Leather Belt (₹1200.00), Black T-Shirt (₹950.00), Black Denim Jeans (₹2500.00)",₹81450.00
CUST00240,ORD638569,Alex Johnson,15,Male,alex.johnson.row0760@gmail.com,5.51445E+11,Brazil,Sao Paulo,26-02-2024,High Value,₹3500.00,Sneakers (₹3500.00),₹117400.00
CUST00241,ORD877558,Arjun Shah,29,Male,arjun.shah.row0047@gmail.com,9.15215E+11,India,Delhi,23-06-2024,High Value,₹950.00,Black T-Shirt (₹950.00),₹99450.00
CUST00242,ORD883362,Anil Joshi,49,Male,anil.joshi.row0348@gmail.com,9.19226E+11,India,Delhi,03-12-2025,Trendsetter,₹4950.00,"Cap (₹800.00), Loafers (₹3200.00), Black T-Shirt (₹950.00)",₹141750.00
CUST00243,ORD287929,Mary Rodriguez,15,Female,mary.rodriguez.row0803@gmail.com,6.12427E+11,Australia,Melbourne,24-01-2025,Frequent Buyer,₹3850.00,"Black T-Shirt (₹950.00), Formal Shirt (₹2200.00), Scarf (₹700.00)",₹44750.00
CUST00244,ORD599096,Amit Joshi,48,Male,amit.joshi.row0471@gmail.com,9.12152E+11,India,Mumbai,18-03-2025,High Value,₹5300.00,"Cap (₹800.00), Running Shoes (₹4500.00)",₹96700.00
CUST00245,ORD973228,Aditya Sharma,28,Male,aditya.sharma.row0054@gmail.com,9.11924E+11,India,Delhi,30-05-2024,Loyal Customer,₹9200.00,"Black Denim Jeans (₹2500.00), Formal Shirt (₹2200.00), Running Shoes (₹4500.00)",₹138700.00
CUST00246,ORD289049,Vijay Patel,22,Male,vijay.patel.row0089@gmail.com,9.19837E+11,India,Chennai,07-12-2024,Trendsetter,₹7200.00,"Hoodie (₹2400.00), Bomber Jacket (₹4800.00)",₹27000.00
CUST00247,ORD832333,Ava Anderson,35,Female,ava.anderson.row0721@gmail.com,2.71861E+11,South Africa,Johannesburg,13-07-2024,Churn Risk,₹8700.00,"White T-Shirt (₹900.00), Cap (₹800.00), Running Shoes (₹4500.00), Black Denim Jeans (₹2500.00)",₹89900.00
CUST00248,ORD364045,Lucas Wilson,29,Male,lucas.wilson.row1027@gmail.com,4.43214E+11,UK,Birmingham,17-12-2025,Churn Risk,₹7700.00,"Cap (₹800.00), Formal Shirt (₹2200.00), Black Denim Jeans (₹2500.00), Slim Fit Jeans (₹2200.00)",₹72600.00
CUST00249,ORD394611,Anil Iyer,53,Male,anil.iyer.row0433@gmail.com,9.13273E+11,India,Delhi,29-07-2025,Loyal Customer,₹3400.00,"Slim Fit Jeans (₹2200.00), Leather Belt (₹1200.00)",₹102600.00
CUST00250,ORD167292,Amelia Taylor,23,Female,amelia.taylor.row0942@gmail.com,15204368802,USA,Chicago,29-11-2024,High Value,₹9300.00,"Running Shoes (₹4500.00), Bomber Jacket (₹4800.00)",₹93600.00
CUST00251,ORD171080,Alex Johnson,25,Male,alex.johnson.row0901@gmail.com,6.53324E+11,Singapore,Singapore,23-02-2026,Trendsetter,₹10000.00,"Running Shoes (₹4500.00), Wallet (₹1800.00), Black Denim Jeans (₹2500.00), Leather Belt (₹1200.00)",₹121600.00
CUST00252,ORD363174,Jessica Taylor,16,Female,jessica.taylor.row0844@gmail.com,3.37927E+11,France,Marseille,27-08-2024,Trendsetter,₹12300.00,"Cap (₹800.00), Slim Fit Jeans (₹2200.00), Running Shoes (₹4500.00), Bomber Jacket (₹4800.00)",₹66700.00
CUST00253,ORD557262,Rahul Iyer,45,Male,rahul.iyer.row0105@gmail.com,9.12644E+11,India,Pune,08-04-2025,Discount Seeker,₹2150.00,"Black T-Shirt (₹950.00), Leather Belt (₹1200.00)",₹84050.00
CUST00254,ORD202827,Aadhya Patel,27,Female,aadhya.patel.row0293@gmail.com,9.18304E+11,India,Hyderabad,07-01-2024,Loyal Customer,₹10400.00,"Blue Denim Jacket (₹3200.00), Black Denim Jeans (₹2500.00), Leather Belt (₹1200.00), Sneakers (₹3500.00)",₹59300.00
CUST00255,ORD631636,Pihu Banerjee,33,Female,pihu.banerjee.row0401@gmail.com,9.13046E+11,India,Chennai,18-07-2024,Discount Seeker,₹5900.00,"Formal Shirt (₹2200.00), Leather Belt (₹1200.00), Black Denim Jeans (₹2500.00)",₹104200.00
CUST00256,ORD643051,Lucas Williams,42,Male,lucas.williams.row0800@gmail.com,19786072903,USA,Houston,26-02-2024,VIP,₹4700.00,"Scarf (₹700.00), Wallet (₹1800.00), Formal Shirt (₹2200.00)",₹136900.00
CUST00257,ORD102811,Deepak Chatterjee,25,Male,deepak.chatterjee.row0492@gmail.com,9.11852E+11,India,Pune,12-10-2024,Discount Seeker,₹9800.00,"Loafers (₹3200.00), Wallet (₹1800.00), Bomber Jacket (₹4800.00)",₹100400.00
CUST00258,ORD498624,Alex Rodriguez,39,Male,alex.rodriguez.row0666@gmail.com,81879220690,Japan,Tokyo,16-02-2026,High Value,₹14700.00,"Sneakers (₹3500.00), Formal Shirt (₹2200.00), Winter Coat (₹7200.00), Wallet (₹1800.00)",₹26800.00
CUST00259,ORD292145,Sanjay Bose,50,Male,sanjay.bose.row0456@gmail.com,9.12814E+11,India,Bengaluru,22-09-2024,Churn Risk,₹800.00,Cap (₹800.00),₹41700.00
CUST00260,ORD840506,Diya Sharma,41,Female,diya.sharma.row0394@gmail.com,9.17619E+11,India,Pune,05-06-2025,Discount Seeker,₹11350.00,"Blue Denim Jacket (₹3200.00), Black T-Shirt (₹950.00), Winter Coat (₹7200.00)",₹66150.00
CUST00261,ORD485628,Vikram Kumar,27,Male,vikram.kumar.row0152@gmail.com,9.15954E+11,India,Chennai,29-05-2024,Churn Risk,₹5500.00,"Scarf (₹700.00), Bomber Jacket (₹4800.00)",₹86600.00
CUST00262,ORD604822,Pari Mukherjee,38,Female,pari.mukherjee.row0151@gmail.com,9.19497E+11,India,Mumbai,19-09-2024,Frequent Buyer,₹4200.00,"Scarf (₹700.00), Sneakers (₹3500.00)",₹14200.00
CUST00263,ORD555392,Emily Garcia,48,Female,emily.garcia.row0978@gmail.com,5.5602E+11,Brazil,Sao Paulo,21-10-2025,Discount Seeker,₹6300.00,"Black Denim Jeans (₹2500.00), Slim Fit Jeans (₹2200.00), White T-Shirt (₹900.00), Scarf (₹700.00)",₹97600.00
CUST00264,ORD372290,Prisha Patel,39,Female,prisha.patel.row0046@gmail.com,9.17323E+11,India,Bengaluru,08-03-2024,VIP,₹6400.00,"Slim Fit Jeans (₹2200.00), Scarf (₹700.00), Sneakers (₹3500.00)",₹135400.00
CUST00265,ORD429890,Pari Mehra,23,Female,pari.mehra.row0113@gmail.com,9.13409E+11,India,Pune,22-06-2024,VIP,₹6500.00,"Black Denim Jeans (₹2500.00), Formal Shirt (₹2200.00), Wallet (₹1800.00)",₹100900.00
CUST00266,ORD960304,Mary Johnson,41,Female,mary.johnson.row0839@gmail.com,6.14348E+11,Australia,Sydney,20-01-2024,Loyal Customer,₹700.00,Scarf (₹700.00),₹3400.00
CUST00267,ORD804312,Riya Mukherjee,27,Female,riya.mukherjee.row0354@gmail.com,9.11015E+11,India,Pune,10-01-2024,Frequent Buyer,₹2200.00,Slim Fit Jeans (₹2200.00),₹25500.00
CUST00268,ORD195660,James Miller,49,Male,james.miller.row0544@gmail.com,6.12776E+11,Australia,Brisbane,26-12-2024,Trendsetter,₹4800.00,Bomber Jacket (₹4800.00),₹59200.00
CUST00269,ORD443110,Vijay Reddy,28,Male,vijay.reddy.row0400@gmail.com,9.18849E+11,India,Chennai,29-04-2025,Churn Risk,₹1750.00,"Black T-Shirt (₹950.00), Cap (₹800.00)",₹96850.00
CUST00270,ORD182259,Amelia Wilson,20,Female,amelia.wilson.row0980@gmail.com,6.54599E+11,Singapore,Singapore,10-06-2026,Frequent Buyer,₹2500.00,Black Denim Jeans (₹2500.00),₹19000.00
CUST00271,ORD712974,Sunil Singh,30,Male,sunil.singh.row0066@gmail.com,91832931948,India,Pune,29-05-2025,VIP,₹8650.00,"Running Shoes (₹4500.00), Black T-Shirt (₹950.00), Blue Denim Jacket (₹3200.00)",₹114150.00
CUST00272,ORD867775,John Garcia,35,Male,john.garcia.row1008@gmail.com,3.33609E+11,France,Marseille,05-01-2026,Churn Risk,₹5850.00,"Black T-Shirt (₹950.00), White T-Shirt (₹900.00), Cap (₹800.00), Loafers (₹3200.00)",₹48950.00
CUST00273,ORD923401,Ananya Shah,30,Female,ananya.shah.row0299@gmail.com,9.1397E+11,India,Chennai,23-06-2025,Discount Seeker,₹5700.00,"Formal Shirt (₹2200.00), Sneakers (₹3500.00)",₹22100.00
CUST00274,ORD342178,Emma Johnson,35,Female,emma.johnson.row0817@gmail.com,8.19419E+11,Japan,Osaka,01-05-2025,Loyal Customer,₹3200.00,Blue Denim Jacket (₹3200.00),₹99400.00
CUST00275,ORD177256,Amelia Martinez,31,Female,amelia.martinez.row0845@gmail.com,11124663916,Canada,Toronto,05-03-2026,Churn Risk,₹4300.00,"Black Denim Jeans (₹2500.00), Wallet (₹1800.00)",₹83300.00
CUST00276,ORD295827,Diya Sharma,30,Female,diya.sharma.row0006@gmail.com,9.18765E+11,India,Mumbai,11-06-2026,VIP,₹900.00,White T-Shirt (₹900.00),₹108000.00
CUST00277,ORD320157,Vivaan Pillai,50,Male,vivaan.pillai.row0254@gmail.com,9.17096E+11,India,Delhi,05-11-2025,Trendsetter,₹12450.00,"Black T-Shirt (₹950.00), Running Shoes (₹4500.00), Bomber Jacket (₹4800.00), Formal Shirt (₹2200.00)",₹113250.00
CUST00278,ORD857160,Liam Rodriguez,44,Male,liam.rodriguez.row0682@gmail.com,4.92992E+11,Germany,Berlin,27-07-2025,Discount Seeker,₹17400.00,"Blue Denim Jacket (₹3200.00), Running Shoes (₹4500.00), Black Denim Jeans (₹2500.00), Winter Coat (₹7200.00)",₹128700.00
CUST00279,ORD571835,Ira Rao,31,Female,ira.rao.row0295@gmail.com,9.18257E+11,India,Delhi,21-11-2024,Churn Risk,₹2500.00,Black Denim Jeans (₹2500.00),₹84900.00
CUST00280,ORD120115,Vikram Mukherjee,23,Male,vikram.mukherjee.row0230@gmail.com,9.1146E+11,India,Bengaluru,06-02-2026,Frequent Buyer,₹8000.00,"Bomber Jacket (₹4800.00), Hoodie (₹2400.00), Cap (₹800.00)",₹53200.00
CUST00281,ORD691972,Liam Taylor,22,Male,liam.taylor.row0692@gmail.com,6.55233E+11,Singapore,Singapore,28-09-2024,Frequent Buyer,₹3450.00,"Black Denim Jeans (₹2500.00), Black T-Shirt (₹950.00)",₹126450.00
CUST00282,ORD472229,Aarav Mehra,29,Male,aarav.mehra.row0268@gmail.com,9.1293E+11,India,Chennai,07-10-2025,Frequent Buyer,₹5700.00,"Black Denim Jeans (₹2500.00), Loafers (₹3200.00)",₹64100.00
CUST00283,ORD502453,Jane Davis,18,Female,jane.davis.row0786@gmail.com,4.94272E+11,Germany,Hamburg,05-10-2025,VIP,₹2500.00,Black Denim Jeans (₹2500.00),₹111800.00
CUST00284,ORD933464,Emma Anderson,29,Female,emma.anderson.row0821@gmail.com,4.47644E+11,UK,London,09-01-2026,Loyal Customer,₹7400.00,"Formal Shirt (₹2200.00), Scarf (₹700.00), Running Shoes (₹4500.00)",₹33200.00
CUST00285,ORD556302,Michael Garcia,48,Male,michael.garcia.row1007@gmail.com,4.49881E+11,UK,Birmingham,28-06-2024,Trendsetter,₹8800.00,"Wallet (₹1800.00), Slim Fit Jeans (₹2200.00), Bomber Jacket (₹4800.00)",₹141300.00
CUST00286,ORD893354,Sunil Reddy,42,Male,sunil.reddy.row0232@gmail.com,9.13547E+11,India,Pune,29-09-2025,Loyal Customer,₹10850.00,"Winter Coat (₹7200.00), Black T-Shirt (₹950.00), White T-Shirt (₹900.00), Wallet (₹1800.00)",₹105750.00
CUST00287,ORD438523,Alex Johnson,47,Male,alex.johnson.row0769@gmail.com,6.14435E+11,Australia,Brisbane,25-09-2025,Trendsetter,₹7500.00,"Formal Shirt (₹2200.00), Cap (₹800.00), Running Shoes (₹4500.00)",₹55500.00
CUST00288,ORD386022,Rahul Patel,50,Male,rahul.patel.row0170@gmail.com,9.18676E+11,India,Bengaluru,22-06-2024,Loyal Customer,₹8000.00,"Bomber Jacket (₹4800.00), Blue Denim Jacket (₹3200.00)",₹83500.00
CUST00289,ORD827595,Michael Miller,19,Male,michael.miller.row0755@gmail.com,4.477E+11,UK,Birmingham,11-11-2025,VIP,₹1800.00,Wallet (₹1800.00),₹139300.00
CUST00290,ORD658679,Jane Davis,21,Female,jane.davis.row0818@gmail.com,8.17873E+11,Japan,Osaka,04-09-2024,VIP,₹7900.00,"Hoodie (₹2400.00), Bomber Jacket (₹4800.00), Scarf (₹700.00)",₹88600.00
CUST00291,ORD878188,Jessica Jones,35,Female,jessica.jones.row0695@gmail.com,18297563787,Canada,Toronto,02-05-2026,VIP,₹16000.00,"Formal Shirt (₹2200.00), Wallet (₹1800.00), Bomber Jacket (₹4800.00), Winter Coat (₹7200.00)",₹121200.00
CUST00292,ORD339920,Jane Davis,37,Female,jane.davis.row0669@gmail.com,19091870045,Canada,Vancouver,30-06-2025,Frequent Buyer,₹7200.00,"Hoodie (₹2400.00), Bomber Jacket (₹4800.00)",₹57000.00
CUST00293,ORD333175,Jane Martinez,25,Female,jane.martinez.row0888@gmail.com,15226147402,USA,Chicago,04-05-2025,Trendsetter,₹3200.00,Loafers (₹3200.00),₹45000.00
CUST00294,ORD683411,Deepak Mishra,46,Male,deepak.mishra.row0019@gmail.com,9.13657E+11,India,Delhi,07-01-2025,Discount Seeker,₹10200.00,"Bomber Jacket (₹4800.00), Wallet (₹1800.00), Hoodie (₹2400.00), Leather Belt (₹1200.00)",₹143200.00
CUST00295,ORD851739,Amit Chatterjee,15,Male,amit.chatterjee.row0496@gmail.com,9.18744E+11,India,Hyderabad,31-03-2026,Trendsetter,₹8300.00,"Cap (₹800.00), Sneakers (₹3500.00), Wallet (₹1800.00), Slim Fit Jeans (₹2200.00)",₹114300.00
CUST00296,ORD842441,Anika Kumar,29,Female,anika.kumar.row0333@gmail.com,9.19925E+11,India,Delhi,25-06-2024,Churn Risk,₹15900.00,"Hoodie (₹2400.00), Winter Coat (₹7200.00), Wallet (₹1800.00), Running Shoes (₹4500.00)",₹133000.00
CUST00297,ORD615871,Aditya Singh,21,Male,aditya.singh.row0322@gmail.com,9.15787E+11,India,Mumbai,30-06-2025,Frequent Buyer,₹11500.00,"Loafers (₹3200.00), Bomber Jacket (₹4800.00), Sneakers (₹3500.00)",₹34000.00
CUST00298,ORD846900,Mary Davis,31,Female,mary.davis.row0983@gmail.com,4.95535E+11,Germany,Munich,11-09-2025,VIP,₹10400.00,"Loafers (₹3200.00), Winter Coat (₹7200.00)",₹22500.00
CUST00299,ORD804943,Liam Brown,28,Male,liam.brown.row0532@gmail.com,8.18341E+11,Japan,Tokyo,21-05-2025,Trendsetter,₹8900.00,"Loafers (₹3200.00), Hoodie (₹2400.00), Black Denim Jeans (₹2500.00), Cap (₹800.00)",₹21200.00
CUST00300,ORD919572,Pari Kumar,38,Female,pari.kumar.row0334@gmail.com,9.15678E+11,India,Chennai,24-04-2025,Loyal Customer,₹5600.00,"Loafers (₹3200.00), Hoodie (₹2400.00)",₹51500.00
CUST00301,ORD424873,Oliver Jones,32,Male,oliver.jones.row0633@gmail.com,6.52812E+11,Singapore,Singapore,18-01-2026,High Value,₹5400.00,"Loafers (₹3200.00), Slim Fit Jeans (₹2200.00)",₹80500.00
CUST00302,ORD211190,Riya Das,40,Female,riya.das.row0402@gmail.com,9.17957E+11,India,Mumbai,08-09-2024,Loyal Customer,₹6250.00,"Black T-Shirt (₹950.00), Wallet (₹1800.00), Sneakers (₹3500.00)",₹39650.00
CUST00303,ORD363990,Anika Mishra,43,Female,anika.mishra.row0041@gmail.com,9.17708E+11,India,Mumbai,01-05-2024,Trendsetter,₹6350.00,"Loafers (₹3200.00), Formal Shirt (₹2200.00), Black T-Shirt (₹950.00)",₹58550.00
CUST00304,ORD463712,Anil Patel,18,Male,anil.patel.row0224@gmail.com,9.19096E+11,India,Pune,01-06-2025,Frequent Buyer,₹10600.00,"Bomber Jacket (₹4800.00), Leather Belt (₹1200.00), Slim Fit Jeans (₹2200.00), Hoodie (₹2400.00)",₹100800.00
CUST00305,ORD932255,Oliver Wilson,37,Male,oliver.wilson.row0622@gmail.com,9.71391E+12,UAE,Dubai,16-02-2024,VIP,₹7700.00,"Hoodie (₹2400.00), Wallet (₹1800.00), Sneakers (₹3500.00)",₹100500.00
CUST00306,ORD773165,Ira Singh,23,Female,ira.singh.row0476@gmail.com,9.15484E+11,India,Bengaluru,03-07-2025,Frequent Buyer,₹4400.00,"Loafers (₹3200.00), Leather Belt (₹1200.00)",₹120800.00
CUST00307,ORD859564,Sarah Rodriguez,17,Female,sarah.rodriguez.row0742@gmail.com,5.57522E+11,Brazil,Sao Paulo,01-03-2024,Churn Risk,₹4150.00,"Loafers (₹3200.00), Black T-Shirt (₹950.00)",₹71350.00
CUST00308,ORD476273,Rajesh Mukherjee,26,Male,rajesh.mukherjee.row0306@gmail.com,9.14036E+11,India,Mumbai,29-06-2024,VIP,₹1600.00,"Scarf (₹700.00), White T-Shirt (₹900.00)",₹52400.00
CUST00309,ORD523789,Alex Wilson,37,Male,alex.wilson.row0876@gmail.com,4.97743E+11,Germany,Hamburg,31-12-2025,High Value,₹3900.00,"Scarf (₹700.00), Blue Denim Jacket (₹3200.00)",₹115900.00
CUST00310,ORD676854,David Williams,22,Male,david.williams.row0558@gmail.com,4.46118E+11,UK,Manchester,17-10-2025,Frequent Buyer,₹4150.00,"Black T-Shirt (₹950.00), Blue Denim Jacket (₹3200.00)",₹90650.00
CUST00311,ORD146316,Ira Pillai,16,Female,ira.pillai.row0196@gmail.com,9.14812E+11,India,Mumbai,26-12-2025,Churn Risk,₹17300.00,"Winter Coat (₹7200.00), Cap (₹800.00), Bomber Jacket (₹4800.00), Running Shoes (₹4500.00)",₹103900.00
CUST00312,ORD533856,Amit Rao,22,Male,amit.rao.row0450@gmail.com,9.15635E+11,India,Pune,24-05-2024,Frequent Buyer,₹4800.00,Bomber Jacket (₹4800.00),₹128800.00
CUST00313,ORD656606,Rohan Nair,39,Male,rohan.nair.row0052@gmail.com,9.14245E+11,India,Hyderabad,06-07-2025,Frequent Buyer,₹2200.00,Slim Fit Jeans (₹2200.00),₹45600.00
CUST00314,ORD364411,John Smith,15,Male,john.smith.row0965@gmail.com,18608012016,USA,New York,28-05-2025,Churn Risk,₹2200.00,Slim Fit Jeans (₹2200.00),₹36200.00
CUST00315,ORD532704,James Jones,39,Male,james.jones.row0903@gmail.com,2.78039E+11,South Africa,Johannesburg,02-01-2025,Discount Seeker,₹8000.00,"Sneakers (₹3500.00), Running Shoes (₹4500.00)",₹65400.00
CUST00316,ORD866388,Ava Brown,50,Female,ava.brown.row0634@gmail.com,4.96869E+11,Germany,Munich,27-08-2024,High Value,₹12000.00,"Bomber Jacket (₹4800.00), Winter Coat (₹7200.00)",₹151300.00
CUST00317,ORD734389,Riya Rao,23,Female,riya.rao.row0228@gmail.com,9.17276E+11,India,Mumbai,07-12-2024,Discount Seeker,₹4400.00,"Loafers (₹3200.00), Leather Belt (₹1200.00)",₹99500.00
CUST00318,ORD516007,Pari Chatterjee,44,Female,pari.chatterjee.row0331@gmail.com,9.18858E+11,India,Delhi,16-12-2024,Frequent Buyer,₹17400.00,"Loafers (₹3200.00), Winter Coat (₹7200.00), Formal Shirt (₹2200.00), Bomber Jacket (₹4800.00)",₹42700.00
CUST00319,ORD417972,Sarah Williams,15,Female,sarah.williams.row0891@gmail.com,9.71718E+12,UAE,Dubai,29-03-2025,VIP,₹2200.00,Formal Shirt (₹2200.00),₹120400.00
CUST00320,ORD330489,Amelia Garcia,15,Female,amelia.garcia.row0537@gmail.com,9.71582E+12,UAE,Dubai,17-02-2024,High Value,₹4000.00,"Scarf (₹700.00), Cap (₹800.00), Black Denim Jeans (₹2500.00)",₹69300.00
CUST00321,ORD147761,Ishaan Chatterjee,19,Male,ishaan.chatterjee.row0468@gmail.com,9.17492E+11,India,Chennai,06-02-2024,Discount Seeker,₹5300.00,"Cap (₹800.00), Running Shoes (₹4500.00)",₹27100.00
CUST00322,ORD252195,Vihaan Sharma,37,Male,vihaan.sharma.row0160@gmail.com,91413419726,India,Chennai,04-01-2024,Churn Risk,₹1900.00,"Scarf (₹700.00), Leather Belt (₹1200.00)",₹53400.00
CUST00323,ORD951262,Ava Williams,30,Female,ava.williams.row0617@gmail.com,4.95816E+11,Germany,Berlin,17-09-2025,Loyal Customer,₹4400.00,"Sneakers (₹3500.00), White T-Shirt (₹900.00)",₹96900.00
CUST00324,ORD765715,Anika Verma,17,Female,anika.verma.row0404@gmail.com,9.16532E+11,India,Pune,04-10-2025,Trendsetter,₹18900.00,"Running Shoes (₹4500.00), Hoodie (₹2400.00), Winter Coat (₹7200.00), Bomber Jacket (₹4800.00)",₹87700.00
CUST00325,ORD809860,Lucas Johnson,26,Male,lucas.johnson.row0794@gmail.com,8.14784E+11,Japan,Kyoto,21-03-2026,Trendsetter,₹6100.00,"Hoodie (₹2400.00), Black Denim Jeans (₹2500.00), Leather Belt (₹1200.00)",₹56000.00
CUST00326,ORD298349,Sai Mishra,17,Male,sai.mishra.row0451@gmail.com,9.13533E+11,India,Delhi,26-03-2026,Discount Seeker,₹4000.00,"Wallet (₹1800.00), Slim Fit Jeans (₹2200.00)",₹123300.00
CUST00327,ORD580200,Riya Patel,34,Female,riya.patel.row0067@gmail.com,9.1132E+11,India,Delhi,24-05-2024,VIP,₹3400.00,"Leather Belt (₹1200.00), Formal Shirt (₹2200.00)",₹106900.00
CUST00328,ORD586492,Aditya Kumar,21,Male,aditya.kumar.row0051@gmail.com,9.14816E+11,India,Pune,28-10-2024,Loyal Customer,₹13400.00,"Black Denim Jeans (₹2500.00), Loafers (₹3200.00), Blue Denim Jacket (₹3200.00), Running Shoes (₹4500.00)",₹37100.00
CUST00329,ORD194208,Mary Brown,44,Female,mary.brown.row1010@gmail.com,19318754550,Canada,Toronto,21-11-2024,High Value,₹3500.00,Sneakers (₹3500.00),₹83400.00
CUST00330,ORD216331,Lucas Williams,50,Male,lucas.williams.row0575@gmail.com,5.51271E+11,Brazil,Sao Paulo,20-03-2025,High Value,₹4250.00,"Hoodie (₹2400.00), Black T-Shirt (₹950.00), White T-Shirt (₹900.00)",₹14550.00
CUST00331,ORD986780,Jane Smith,20,Female,jane.smith.row0782@gmail.com,5.53829E+11,Brazil,Rio de Janeiro,04-05-2025,Trendsetter,₹5750.00,"Black T-Shirt (₹950.00), Bomber Jacket (₹4800.00)",₹141050.00
CUST00332,ORD681634,Ananya Pillai,45,Female,ananya.pillai.row0250@gmail.com,9.16359E+11,India,Pune,01-07-2024,Trendsetter,₹1200.00,Leather Belt (₹1200.00),₹117000.00
CUST00333,ORD481332,Ira Pillai,47,Female,ira.pillai.row0161@gmail.com,9.18907E+11,India,Chennai,07-12-2025,VIP,₹10300.00,"Formal Shirt (₹2200.00), White T-Shirt (₹900.00), Winter Coat (₹7200.00)",₹141800.00
CUST00334,ORD840189,Shaurya Mukherjee,18,Male,shaurya.mukherjee.row0441@gmail.com,9.14112E+11,India,Pune,14-02-2025,High Value,₹18900.00,"Bomber Jacket (₹4800.00), Hoodie (₹2400.00), Winter Coat (₹7200.00), Running Shoes (₹4500.00)",₹54000.00
CUST00335,ORD721683,Rohan Verma,28,Male,rohan.verma.row0002@gmail.com,9.12777E+11,India,Pune,09-11-2025,VIP,₹6100.00,"Slim Fit Jeans (₹2200.00), Leather Belt (₹1200.00), Wallet (₹1800.00), White T-Shirt (₹900.00)",₹67800.00
CUST00336,ORD792501,Diya Mukherjee,15,Female,diya.mukherjee.row0168@gmail.com,9.16475E+11,India,Mumbai,11-09-2025,Frequent Buyer,₹2400.00,Hoodie (₹2400.00),₹84500.00
CUST00337,ORD462051,Sanjay Mehra,22,Male,sanjay.mehra.row0265@gmail.com,9.13359E+11,India,Delhi,04-06-2026,Loyal Customer,₹9300.00,"Running Shoes (₹4500.00), Bomber Jacket (₹4800.00)",₹126500.00
CUST00338,ORD712163,Shaurya Singh,42,Male,shaurya.singh.row0283@gmail.com,9.1344E+11,India,Delhi,23-05-2026,Frequent Buyer,₹7600.00,"Scarf (₹700.00), Hoodie (₹2400.00), Running Shoes (₹4500.00)",₹78700.00
CUST00339,ORD408023,Aditya Patel,24,Male,aditya.patel.row0463@gmail.com,9.16338E+11,India,Bengaluru,30-05-2026,VIP,₹6200.00,"Blue Denim Jacket (₹3200.00), Cap (₹800.00), Formal Shirt (₹2200.00)",₹61600.00
CUST00340,ORD498377,Pari Singh,33,Female,pari.singh.row0204@gmail.com,9.18723E+11,India,Mumbai,18-04-2024,Discount Seeker,₹4800.00,Bomber Jacket (₹4800.00),₹24100.00
CUST00341,ORD980203,Michael Taylor,30,Male,michael.taylor.row0834@gmail.com,5.56E+11,Brazil,Rio de Janeiro,24-11-2024,Churn Risk,₹6550.00,"Hoodie (₹2400.00), Black T-Shirt (₹950.00), Blue Denim Jacket (₹3200.00)",₹13950.00
CUST00342,ORD971498,Lucas Garcia,50,Male,lucas.garcia.row0799@gmail.com,17549928579,USA,New York,07-03-2026,Frequent Buyer,₹10700.00,"Bomber Jacket (₹4800.00), Hoodie (₹2400.00), Sneakers (₹3500.00)",₹116900.00
CUST00343,ORD236110,Aditya Mehra,49,Male,aditya.mehra.row0303@gmail.com,9.16769E+11,India,Delhi,21-03-2026,Churn Risk,₹3500.00,Sneakers (₹3500.00),₹122300.00
CUST00344,ORD702851,Mary Anderson,34,Female,mary.anderson.row0528@gmail.com,5.57507E+11,Brazil,Sao Paulo,08-04-2025,Trendsetter,₹10400.00,"Leather Belt (₹1200.00), Formal Shirt (₹2200.00), Running Shoes (₹4500.00), Black Denim Jeans (₹2500.00)",₹72600.00
CUST00345,ORD943450,James Smith,50,Male,james.smith.row0603@gmail.com,3.39188E+11,France,Marseille,18-11-2025,Churn Risk,₹2200.00,Slim Fit Jeans (₹2200.00),₹120500.00
CUST00346,ORD796853,Anika Gupta,38,Female,anika.gupta.row0257@gmail.com,9.11782E+11,India,Pune,12-08-2024,Trendsetter,₹6700.00,"Sneakers (₹3500.00), Blue Denim Jacket (₹3200.00)",₹55400.00
CUST00347,ORD697695,Ishaan Reddy,25,Male,ishaan.reddy.row0025@gmail.com,9.11395E+11,India,Bengaluru,09-01-2025,VIP,₹7600.00,"Running Shoes (₹4500.00), White T-Shirt (₹900.00), Formal Shirt (₹2200.00)",₹33200.00
CUST00348,ORD899308,Jessica Taylor,51,Female,jessica.taylor.row0761@gmail.com,11446637511,USA,Chicago,23-01-2024,Discount Seeker,₹8000.00,"Loafers (₹3200.00), White T-Shirt (₹900.00), Scarf (₹700.00), Blue Denim Jacket (₹3200.00)",₹127500.00
CUST00349,ORD200118,James Jones,15,Male,james.jones.row0616@gmail.com,11916162155,USA,Chicago,02-05-2024,Loyal Customer,₹2400.00,Hoodie (₹2400.00),₹94600.00
CUST00350,ORD795453,Oliver Taylor,28,Male,oliver.taylor.row0614@gmail.com,3.35013E+11,France,Paris,04-03-2025,Discount Seeker,₹6000.00,"Running Shoes (₹4500.00), Scarf (₹700.00), Cap (₹800.00)",₹63900.00
CUST00351,ORD624331,Alex Jones,16,Male,alex.jones.row0667@gmail.com,5.58796E+11,Brazil,Rio de Janeiro,17-02-2026,Loyal Customer,₹8150.00,"Black T-Shirt (₹950.00), Winter Coat (₹7200.00)",₹91950.00
CUST00352,ORD262612,Krishna Rao,22,Male,krishna.rao.row0311@gmail.com,9.13491E+11,India,Chennai,16-08-2025,VIP,₹8600.00,"White T-Shirt (₹900.00), Running Shoes (₹4500.00), Blue Denim Jacket (₹3200.00)",₹85700.00
CUST00353,ORD449336,Avani Reddy,30,Female,avani.reddy.row0093@gmail.com,9.18548E+11,India,Hyderabad,21-06-2025,Frequent Buyer,₹6400.00,"Blue Denim Jacket (₹3200.00), Loafers (₹3200.00)",₹117500.00
CUST00354,ORD696269,Krishna Chatterjee,42,Male,krishna.chatterjee.row0246@gmail.com,9.18787E+11,India,Chennai,02-03-2025,Churn Risk,₹10700.00,"Loafers (₹3200.00), Black Denim Jeans (₹2500.00), Blue Denim Jacket (₹3200.00), Wallet (₹1800.00)",₹87500.00
CUST00355,ORD290765,Vikram Gupta,46,Male,vikram.gupta.row0304@gmail.com,91510963127,India,Hyderabad,18-12-2025,Churn Risk,₹11450.00,"Running Shoes (₹4500.00), Sneakers (₹3500.00), Black T-Shirt (₹950.00), Black Denim Jeans (₹2500.00)",₹126250.00
CUST00356,ORD731366,Vijay Shah,31,Male,vijay.shah.row0194@gmail.com,91678233211,India,Mumbai,15-10-2025,Loyal Customer,₹3000.00,"Wallet (₹1800.00), Leather Belt (₹1200.00)",₹86900.00
CUST00357,ORD297462,Michael Brown,23,Male,michael.brown.row0992@gmail.com,9.71299E+12,UAE,Abu Dhabi,13-10-2024,VIP,₹4600.00,"Hoodie (₹2400.00), Formal Shirt (₹2200.00)",₹26700.00
CUST00358,ORD151204,Alex Taylor,20,Male,alex.taylor.row0710@gmail.com,4.48067E+11,UK,Manchester,24-07-2024,Discount Seeker,₹10400.00,"Winter Coat (₹7200.00), Blue Denim Jacket (₹3200.00)",₹120400.00
CUST00359,ORD198644,Aarav Iyer,42,Male,aarav.iyer.row0122@gmail.com,9.13741E+11,India,Chennai,16-01-2026,Trendsetter,₹10500.00,"Blue Denim Jacket (₹3200.00), Black Denim Jeans (₹2500.00), Bomber Jacket (₹4800.00)",₹94200.00
CUST00360,ORD585356,Aditya Chatterjee,34,Male,aditya.chatterjee.row0377@gmail.com,9.14903E+11,India,Pune,22-04-2024,High Value,₹8100.00,"Hoodie (₹2400.00), Black Denim Jeans (₹2500.00), Loafers (₹3200.00)",₹16700.00
CUST00361,ORD792513,Oliver Johnson,21,Male,oliver.johnson.row1032@gmail.com,4.94505E+11,Germany,Berlin,13-04-2024,Trendsetter,₹5300.00,"Blue Denim Jacket (₹3200.00), White T-Shirt (₹900.00), Leather Belt (₹1200.00)",₹120500.00
CUST00362,ORD931049,Sarah Rodriguez,56,Female,sarah.rodriguez.row0957@gmail.com,18743825158,Canada,Montreal,13-02-2026,Frequent Buyer,₹6550.00,"Formal Shirt (₹2200.00), Black T-Shirt (₹950.00), Black Denim Jeans (₹2500.00), White T-Shirt (₹900.00)",₹121650.00
CUST00363,ORD512473,Riya Das,24,Female,riya.das.row0112@gmail.com,9.11038E+11,India,Mumbai,04-05-2024,Churn Risk,₹6200.00,"Wallet (₹1800.00), Blue Denim Jacket (₹3200.00), Leather Belt (₹1200.00)",₹35900.00
CUST00364,ORD346227,Ishaan Kumar,27,Male,ishaan.kumar.row0237@gmail.com,9.16952E+11,India,Mumbai,27-12-2025,Churn Risk,₹3500.00,Sneakers (₹3500.00),₹50100.00
CUST00365,ORD834622,Sarah Wilson,43,Female,sarah.wilson.row0989@gmail.com,5.56303E+11,Brazil,Rio de Janeiro,05-01-2024,Loyal Customer,₹15100.00,"Running Shoes (₹4500.00), Formal Shirt (₹2200.00), Winter Coat (₹7200.00), Leather Belt (₹1200.00)",₹115700.00
CUST00366,ORD519781,Emily Thomas,50,Female,emily.thomas.row0624@gmail.com,11542744335,USA,Los Angeles,20-05-2025,Loyal Customer,₹6400.00,"Blue Denim Jacket (₹3200.00), Loafers (₹3200.00)",₹19000.00
CUST00367,ORD629071,Ava Johnson,27,Female,ava.johnson.row0693@gmail.com,81275735612,Japan,Tokyo,12-04-2024,Churn Risk,₹5200.00,"Running Shoes (₹4500.00), Scarf (₹700.00)",₹80700.00
CUST00368,ORD401989,Alex Garcia,30,Male,alex.garcia.row0868@gmail.com,15564429747,USA,New York,07-05-2026,Discount Seeker,₹6600.00,"Wallet (₹1800.00), Bomber Jacket (₹4800.00)",₹124800.00
CUST00369,ORD807298,Shaurya Gupta,39,Male,shaurya.gupta.row0236@gmail.com,9.19488E+11,India,Pune,20-02-2025,Discount Seeker,₹5700.00,"Sneakers (₹3500.00), Formal Shirt (₹2200.00)",₹42300.00
CUST00370,ORD307942,Sai Patel,41,Male,sai.patel.row0146@gmail.com,9.1734E+11,India,Mumbai,31-10-2025,Frequent Buyer,₹5400.00,"Slim Fit Jeans (₹2200.00), Blue Denim Jacket (₹3200.00)",₹14000.00
CUST00371,ORD951565,Liam Miller,29,Male,liam.miller.row0822@gmail.com,9.71772E+12,UAE,Abu Dhabi,16-03-2024,VIP,₹3200.00,"Cap (₹800.00), Hoodie (₹2400.00)",₹38000.00
CUST00372,ORD384099,Vivaan Gupta,36,Male,vivaan.gupta.row0362@gmail.com,9.16135E+11,India,Mumbai,17-07-2025,Churn Risk,₹1600.00,"Scarf (₹700.00), White T-Shirt (₹900.00)",₹8600.00
CUST00373,ORD748813,David Garcia,38,Male,david.garcia.row0691@gmail.com,61432248562,Australia,Sydney,04-06-2024,Trendsetter,₹15100.00,"Black Denim Jeans (₹2500.00), Slim Fit Jeans (₹2200.00), Blue Denim Jacket (₹3200.00), Winter Coat (₹7200.00)",₹18200.00
CUST00374,ORD391136,James Garcia,42,Male,james.garcia.row0600@gmail.com,4.99889E+11,Germany,Hamburg,19-03-2026,VIP,₹5400.00,"Blue Denim Jacket (₹3200.00), Slim Fit Jeans (₹2200.00)",₹102900.00
CUST00375,ORD824431,Arjun Joshi,33,Male,arjun.joshi.row0216@gmail.com,9.11977E+11,India,Delhi,29-12-2025,Trendsetter,₹10950.00,"Bomber Jacket (₹4800.00), Running Shoes (₹4500.00), Scarf (₹700.00), Black T-Shirt (₹950.00)",₹134750.00
CUST00376,ORD599729,Lucas Wilson,34,Male,lucas.wilson.row1022@gmail.com,3.35787E+11,France,Lyon,18-01-2026,Discount Seeker,₹1200.00,Leather Belt (₹1200.00),₹8000.00
CUST00377,ORD305581,Rahul Bose,20,Male,rahul.bose.row0055@gmail.com,9.17977E+11,India,Delhi,29-01-2026,Trendsetter,₹700.00,Scarf (₹700.00),₹7400.00
CUST00378,ORD836270,Ira Sharma,41,Female,ira.sharma.row0370@gmail.com,91281983438,India,Chennai,11-08-2024,Trendsetter,₹3200.00,Loafers (₹3200.00),₹8000.00
CUST00379,ORD688425,Diya Sharma,25,Female,diya.sharma.row0364@gmail.com,9.14598E+11,India,Hyderabad,06-03-2024,Loyal Customer,₹3500.00,Sneakers (₹3500.00),₹136900.00
CUST00380,ORD517162,Lucas Jones,37,Male,lucas.jones.row0697@gmail.com,6.52403E+11,Singapore,Singapore,06-12-2024,Discount Seeker,₹2000.00,"Cap (₹800.00), Leather Belt (₹1200.00)",₹90700.00
CUST00381,ORD839332,Oliver Taylor,34,Male,oliver.taylor.row0896@gmail.com,14897208226,Canada,Toronto,18-08-2024,Discount Seeker,₹1800.00,Wallet (₹1800.00),₹9900.00
CUST00382,ORD940688,Ananya Patel,33,Female,ananya.patel.row0222@gmail.com,9.18964E+11,India,Pune,15-10-2025,High Value,₹4800.00,Bomber Jacket (₹4800.00),₹109700.00
CUST00383,ORD686200,Amelia Smith,40,Female,amelia.smith.row0907@gmail.com,4.97554E+11,Germany,Munich,13-06-2024,Loyal Customer,₹950.00,Black T-Shirt (₹950.00),₹39250.00
CUST00384,ORD725594,Diya Joshi,35,Female,diya.joshi.row0485@gmail.com,9.17876E+11,India,Chennai,26-12-2024,Discount Seeker,₹6900.00,"White T-Shirt (₹900.00), Cap (₹800.00), Running Shoes (₹4500.00), Scarf (₹700.00)",₹111900.00
CUST00385,ORD185466,Deepak Nair,38,Male,deepak.nair.row0016@gmail.com,9.18088E+11,India,Bengaluru,21-10-2025,Loyal Customer,₹1200.00,Leather Belt (₹1200.00),₹65000.00
CUST00386,ORD460996,Amit Iyer,17,Male,amit.iyer.row0252@gmail.com,91940003254,India,Mumbai,13-06-2026,Frequent Buyer,₹2200.00,Slim Fit Jeans (₹2200.00),₹58900.00
CUST00387,ORD249731,Ira Mishra,15,Female,ira.mishra.row0100@gmail.com,9.12364E+11,India,Mumbai,27-04-2025,Churn Risk,₹3000.00,"Leather Belt (₹1200.00), Wallet (₹1800.00)",₹113600.00
CUST00388,ORD893209,Alex Johnson,22,Male,alex.johnson.row0612@gmail.com,6.56194E+11,Singapore,Singapore,23-11-2025,Churn Risk,₹6600.00,"Formal Shirt (₹2200.00), White T-Shirt (₹900.00), Sneakers (₹3500.00)",₹113700.00
CUST00389,ORD799710,Deepak Bose,38,Male,deepak.bose.row0247@gmail.com,9.11986E+11,India,Hyderabad,20-01-2025,Frequent Buyer,₹10100.00,"Cap (₹800.00), Running Shoes (₹4500.00), Bomber Jacket (₹4800.00)",₹56600.00
CUST00390,ORD233945,Sunil Singh,44,Male,sunil.singh.row0418@gmail.com,9.14722E+11,India,Pune,26-07-2025,Loyal Customer,₹950.00,Black T-Shirt (₹950.00),₹105650.00
CUST00391,ORD497629,David Martinez,23,Male,david.martinez.row0919@gmail.com,2.7826E+11,South Africa,Cape Town,09-02-2024,Loyal Customer,₹11200.00,"Winter Coat (₹7200.00), Wallet (₹1800.00), Formal Shirt (₹2200.00)",₹78300.00
CUST00392,ORD394394,Emma Miller,35,Female,emma.miller.row0926@gmail.com,4.93692E+11,Germany,Munich,08-06-2025,VIP,₹10600.00,"Black Denim Jeans (₹2500.00), Formal Shirt (₹2200.00), Sneakers (₹3500.00), Hoodie (₹2400.00)",₹44500.00
CUST00393,ORD164066,Aadhya Patel,57,Female,aadhya.patel.row0416@gmail.com,9.13988E+11,India,Bengaluru,14-10-2025,Loyal Customer,₹7500.00,"Leather Belt (₹1200.00), Blue Denim Jacket (₹3200.00), Hoodie (₹2400.00), Scarf (₹700.00)",₹109300.00
CUST00394,ORD881784,Reyansh Patel,16,Male,reyansh.patel.row0355@gmail.com,9.17237E+11,India,Mumbai,10-01-2025,Trendsetter,₹5600.00,"Scarf (₹700.00), White T-Shirt (₹900.00), Slim Fit Jeans (₹2200.00), Wallet (₹1800.00)",₹29900.00
CUST00395,ORD617456,Riya Das,28,Female,riya.das.row0499@gmail.com,9.17499E+11,India,Mumbai,09-12-2024,High Value,₹10900.00,"Blue Denim Jacket (₹3200.00), Bomber Jacket (₹4800.00), Slim Fit Jeans (₹2200.00), Scarf (₹700.00)",₹58200.00
CUST00396,ORD480547,Sarah Jones,26,Female,sarah.jones.row0954@gmail.com,17083849667,USA,Los Angeles,23-11-2025,Churn Risk,₹3200.00,Blue Denim Jacket (₹3200.00),₹123500.00
CUST00397,ORD236300,Sarah Anderson,49,Female,sarah.anderson.row0793@gmail.com,2.78505E+11,South Africa,Johannesburg,06-06-2026,VIP,₹5600.00,"Formal Shirt (₹2200.00), Slim Fit Jeans (₹2200.00), Leather Belt (₹1200.00)",₹116900.00
CUST00398,ORD723486,Liam Smith,16,Male,liam.smith.row0763@gmail.com,5.59815E+11,Brazil,Sao Paulo,26-04-2024,Frequent Buyer,₹10000.00,"Cap (₹800.00), Formal Shirt (₹2200.00), Bomber Jacket (₹4800.00), Slim Fit Jeans (₹2200.00)",₹142200.00
CUST00399,ORD799201,Aditya Iyer,24,Male,aditya.iyer.row0064@gmail.com,9.15236E+11,India,Hyderabad,06-05-2026,High Value,₹1600.00,"White T-Shirt (₹900.00), Scarf (₹700.00)",₹72900.00
CUST00400,ORD928950,Michael Smith,23,Male,michael.smith.row0542@gmail.com,8.16177E+11,Japan,Kyoto,02-06-2026,VIP,₹3150.00,"Slim Fit Jeans (₹2200.00), Black T-Shirt (₹950.00)",₹56350.00
CUST00401,ORD466670,Anika Bose,44,Female,anika.bose.row0212@gmail.com,9.19843E+11,India,Pune,10-06-2025,VIP,₹1600.00,"Scarf (₹700.00), White T-Shirt (₹900.00)",₹100400.00
CUST00402,ORD637938,Oliver Brown,29,Male,oliver.brown.row0850@gmail.com,6.53884E+11,Singapore,Singapore,05-06-2025,Frequent Buyer,₹3200.00,Blue Denim Jacket (₹3200.00),₹136400.00
CUST00403,ORD944536,Jane Anderson,42,Female,jane.anderson.row0650@gmail.com,17384448284,USA,Houston,27-09-2025,High Value,₹5400.00,"Blue Denim Jacket (₹3200.00), Formal Shirt (₹2200.00)",₹27900.00
CUST00404,ORD870741,Michael Miller,45,Male,michael.miller.row0585@gmail.com,8.15233E+11,Japan,Tokyo,20-05-2025,High Value,₹1800.00,Wallet (₹1800.00),₹131400.00
CUST00405,ORD707396,Pihu Rao,39,Female,pihu.rao.row0061@gmail.com,9.11557E+11,India,Bengaluru,07-09-2025,Discount Seeker,₹5500.00,"Bomber Jacket (₹4800.00), Scarf (₹700.00)",₹84300.00
CUST00406,ORD439660,Reyansh Chatterjee,47,Male,reyansh.chatterjee.row0225@gmail.com,9.1635E+11,India,Pune,07-07-2025,Churn Risk,₹2500.00,Black Denim Jeans (₹2500.00),₹105200.00
CUST00407,ORD371805,Deepak Banerjee,18,Male,deepak.banerjee.row0277@gmail.com,9.19483E+11,India,Hyderabad,16-11-2024,Loyal Customer,₹9700.00,"Bomber Jacket (₹4800.00), Hoodie (₹2400.00), Black Denim Jeans (₹2500.00)",₹15700.00
CUST00408,ORD678244,Amelia Brown,16,Female,amelia.brown.row0517@gmail.com,13365280593,USA,Chicago,29-05-2025,Discount Seeker,₹900.00,White T-Shirt (₹900.00),₹83800.00
CUST00409,ORD478115,Emily Jones,33,Female,emily.jones.row0882@gmail.com,4.43028E+11,UK,Manchester,28-06-2025,Churn Risk,₹6400.00,"Cap (₹800.00), Hoodie (₹2400.00), Blue Denim Jacket (₹3200.00)",₹124500.00
CUST00410,ORD745076,Rahul Nair,18,Male,rahul.nair.row0114@gmail.com,9.11601E+11,India,Bengaluru,30-08-2025,Churn Risk,₹11900.00,"Running Shoes (₹4500.00), Scarf (₹700.00), Blue Denim Jacket (₹3200.00), Sneakers (₹3500.00)",₹17500.00
CUST00411,ORD411234,Sarah Miller,38,Female,sarah.miller.row0582@gmail.com,4.48468E+11,UK,Manchester,26-03-2024,Trendsetter,₹3450.00,"Black Denim Jeans (₹2500.00), Black T-Shirt (₹950.00)",₹50250.00
CUST00412,ORD566653,Ishaan Kumar,56,Male,ishaan.kumar.row0234@gmail.com,9.15568E+11,India,Bengaluru,18-06-2024,Trendsetter,₹9150.00,"Black T-Shirt (₹950.00), Leather Belt (₹1200.00), Black Denim Jeans (₹2500.00), Running Shoes (₹4500.00)",₹77550.00
CUST00413,ORD282554,Sarah Anderson,30,Female,sarah.anderson.row0618@gmail.com,14947424127,USA,Los Angeles,03-11-2025,High Value,₹12100.00,"Sneakers (₹3500.00), Blue Denim Jacket (₹3200.00), Loafers (₹3200.00), Slim Fit Jeans (₹2200.00)",₹132900.00
CUST00414,ORD231250,Shaurya Kumar,44,Male,shaurya.kumar.row0176@gmail.com,9.18392E+11,India,Pune,31-10-2024,Trendsetter,₹7600.00,"Cap (₹800.00), White T-Shirt (₹900.00), Hoodie (₹2400.00), Sneakers (₹3500.00)",₹11200.00
CUST00415,ORD264470,John Taylor,21,Male,john.taylor.row0842@gmail.com,9.71492E+12,UAE,Dubai,08-03-2026,Frequent Buyer,₹10900.00,"Leather Belt (₹1200.00), Scarf (₹700.00), Wallet (₹1800.00), Winter Coat (₹7200.00)",₹39200.00
CUST00416,ORD305696,Michael Johnson,47,Male,michael.johnson.row0527@gmail.com,61766710948,Australia,Brisbane,16-05-2025,Churn Risk,₹11250.00,"Formal Shirt (₹2200.00), Winter Coat (₹7200.00), Black T-Shirt (₹950.00), White T-Shirt (₹900.00)",₹124550.00
CUST00417,ORD970823,Arjun Chatterjee,20,Male,arjun.chatterjee.row0133@gmail.com,9.16835E+11,India,Chennai,18-09-2024,VIP,₹4600.00,"Hoodie (₹2400.00), Slim Fit Jeans (₹2200.00)",₹12300.00
CUST00418,ORD610233,Rahul Mishra,40,Male,rahul.mishra.row0163@gmail.com,9.18705E+11,India,Pune,05-06-2026,VIP,₹2500.00,Black Denim Jeans (₹2500.00),₹34400.00
CUST00419,ORD954360,John Anderson,26,Male,john.anderson.row1017@gmail.com,1405423236,USA,Houston,20-05-2024,VIP,₹4300.00,"Wallet (₹1800.00), Black Denim Jeans (₹2500.00)",₹109800.00
CUST00420,ORD323433,Vijay Joshi,48,Male,vijay.joshi.row0031@gmail.com,9.19119E+11,India,Delhi,27-03-2024,High Value,₹8000.00,"Running Shoes (₹4500.00), Sneakers (₹3500.00)",₹72200.00
CUST00421,ORD666323,Prisha Iyer,44,Female,prisha.iyer.row0143@gmail.com,9.18385E+11,India,Chennai,15-04-2026,Frequent Buyer,₹3500.00,Sneakers (₹3500.00),₹18900.00
CUST00422,ORD748215,Emma Rodriguez,21,Female,emma.rodriguez.row0593@gmail.com,8.15846E+11,Japan,Kyoto,04-01-2026,VIP,₹3200.00,Loafers (₹3200.00),₹21700.00
CUST00423,ORD541043,Oliver Williams,34,Male,oliver.williams.row0726@gmail.com,6.59892E+11,Singapore,Singapore,13-07-2024,Discount Seeker,₹3100.00,"White T-Shirt (₹900.00), Slim Fit Jeans (₹2200.00)",₹11100.00
CUST00424,ORD751856,Anil Rao,37,Male,anil.rao.row0434@gmail.com,9.18174E+11,India,Pune,19-12-2024,Loyal Customer,₹7800.00,"Hoodie (₹2400.00), Slim Fit Jeans (₹2200.00), Blue Denim Jacket (₹3200.00)",₹75700.00
CUST00425,ORD112263,David Anderson,50,Male,david.anderson.row0675@gmail.com,3.31217E+11,France,Marseille,10-07-2024,Discount Seeker,₹5900.00,"Leather Belt (₹1200.00), Black Denim Jeans (₹2500.00), Slim Fit Jeans (₹2200.00)",₹144800.00
CUST00426,ORD628470,Pihu Das,28,Female,pihu.das.row0305@gmail.com,9.189E+11,India,Hyderabad,31-12-2024,Discount Seeker,₹3650.00,"Wallet (₹1800.00), Black T-Shirt (₹950.00), White T-Shirt (₹900.00)",₹54850.00
CUST00427,ORD329228,Vijay Mehra,41,Male,vijay.mehra.row0431@gmail.com,91297023967,India,Chennai,25-03-2026,Discount Seeker,₹11150.00,"Formal Shirt (₹2200.00), Black T-Shirt (₹950.00), Sneakers (₹3500.00), Running Shoes (₹4500.00)",₹110650.00
CUST00428,ORD354186,Ira Sharma,25,Female,ira.sharma.row0383@gmail.com,9.12058E+11,India,Pune,18-09-2024,VIP,₹7700.00,"Blue Denim Jacket (₹3200.00), Running Shoes (₹4500.00)",₹30100.00
CUST00429,ORD489671,Michael Miller,45,Male,michael.miller.row0940@gmail.com,9.71855E+12,UAE,Abu Dhabi,29-03-2024,Loyal Customer,₹8100.00,"Cap (₹800.00), Black Denim Jeans (₹2500.00), Bomber Jacket (₹4800.00)",₹137100.00
CUST00430,ORD582359,John Martinez,16,Male,john.martinez.row0681@gmail.com,4.98329E+11,Germany,Berlin,20-12-2025,Churn Risk,₹4950.00,"Wallet (₹1800.00), Formal Shirt (₹2200.00), Black T-Shirt (₹950.00)",₹88950.00
CUST00431,ORD837834,Ava Martinez,26,Female,ava.martinez.row0753@gmail.com,6.1494E+11,Australia,Melbourne,06-03-2025,High Value,₹6300.00,"Running Shoes (₹4500.00), Wallet (₹1800.00)",₹92400.00
CUST00432,ORD148897,Sanjay Joshi,45,Male,sanjay.joshi.row0182@gmail.com,9.15343E+11,India,Pune,17-05-2025,Churn Risk,₹3200.00,"Scarf (₹700.00), Black Denim Jeans (₹2500.00)",₹131600.00
CUST00433,ORD568071,Krishna Verma,27,Male,krishna.verma.row0436@gmail.com,9.18155E+11,India,Bengaluru,09-12-2025,Churn Risk,₹3200.00,Loafers (₹3200.00),₹28000.00
CUST00434,ORD272407,Aarav Mishra,40,Male,aarav.mishra.row0501@gmail.com,9.14873E+11,India,Pune,30-12-2025,Churn Risk,₹4800.00,Bomber Jacket (₹4800.00),₹61100.00
CUST00435,ORD235742,Aadhya Mehra,33,Female,aadhya.mehra.row0104@gmail.com,9.12617E+11,India,Chennai,08-06-2026,Discount Seeker,₹3650.00,"Wallet (₹1800.00), White T-Shirt (₹900.00), Black T-Shirt (₹950.00)",₹26950.00
CUST00436,ORD724570,Amelia Brown,47,Female,amelia.brown.row0902@gmail.com,15095432319,Canada,Toronto,24-09-2025,Loyal Customer,₹700.00,Scarf (₹700.00),₹102600.00
CUST00437,ORD574254,James Martinez,22,Male,james.martinez.row0724@gmail.com,4.42286E+11,UK,Manchester,11-10-2025,Loyal Customer,₹3100.00,"Hoodie (₹2400.00), Scarf (₹700.00)",₹93800.00
CUST00438,ORD547384,Krishna Mishra,20,Male,krishna.mishra.row0338@gmail.com,9.17167E+11,India,Mumbai,11-10-2024,High Value,₹13500.00,"Winter Coat (₹7200.00), Loafers (₹3200.00), White T-Shirt (₹900.00), Formal Shirt (₹2200.00)",₹53000.00
CUST00439,ORD928929,Michael Martinez,27,Male,michael.martinez.row0807@gmail.com,19809445124,Canada,Vancouver,13-06-2024,VIP,₹5200.00,"Scarf (₹700.00), Running Shoes (₹4500.00)",₹81800.00
CUST00440,ORD570641,Rahul Iyer,21,Male,rahul.iyer.row0292@gmail.com,91556516005,India,Pune,06-04-2026,High Value,₹1800.00,Wallet (₹1800.00),₹107700.00
CUST00441,ORD335497,Krishna Mishra,26,Male,krishna.mishra.row0086@gmail.com,9.18936E+11,India,Pune,27-06-2024,Discount Seeker,₹14300.00,"Hoodie (₹2400.00), Winter Coat (₹7200.00), Formal Shirt (₹2200.00), Black Denim Jeans (₹2500.00)",₹94400.00
CUST00442,ORD283445,Jane Wilson,22,Female,jane.wilson.row0920@gmail.com,13489660419,USA,New York,18-12-2024,Loyal Customer,₹8100.00,"Bomber Jacket (₹4800.00), Black Denim Jeans (₹2500.00), Cap (₹800.00)",₹49600.00
CUST00443,ORD411927,Ava Johnson,28,Female,ava.johnson.row0735@gmail.com,8.19351E+11,Japan,Osaka,16-05-2026,Loyal Customer,₹8900.00,"Formal Shirt (₹2200.00), Loafers (₹3200.00), Sneakers (₹3500.00)",₹103000.00
CUST00444,ORD869647,James Wilson,27,Male,james.wilson.row0696@gmail.com,61758623461,Australia,Sydney,20-12-2024,Trendsetter,₹9400.00,"Black Denim Jeans (₹2500.00), Sneakers (₹3500.00), Leather Belt (₹1200.00), Slim Fit Jeans (₹2200.00)",₹90900.00
CUST00445,ORD221398,Krishna Mukherjee,24,Male,krishna.mukherjee.row0056@gmail.com,9.12647E+11,India,Delhi,21-05-2025,VIP,₹1200.00,Leather Belt (₹1200.00),₹122000.00
CUST00446,ORD232679,Avani Mishra,49,Female,avani.mishra.row0238@gmail.com,9.19273E+11,India,Chennai,06-05-2025,Churn Risk,₹4400.00,"Sneakers (₹3500.00), White T-Shirt (₹900.00)",₹52600.00
CUST00447,ORD734893,Vijay Chatterjee,47,Male,vijay.chatterjee.row0060@gmail.com,9.18142E+11,India,Bengaluru,06-11-2025,Churn Risk,₹3600.00,"White T-Shirt (₹900.00), Scarf (₹700.00), Leather Belt (₹1200.00), Cap (₹800.00)",₹37300.00
CUST00448,ORD232249,Ira Chatterjee,21,Female,ira.chatterjee.row0108@gmail.com,9.14467E+11,India,Chennai,18-04-2024,Trendsetter,₹9200.00,"Blue Denim Jacket (₹3200.00), Sneakers (₹3500.00), Black Denim Jeans (₹2500.00)",₹120700.00
CUST00449,ORD798433,David Wilson,17,Male,david.wilson.row0873@gmail.com,9.71552E+12,UAE,Dubai,06-04-2025,Trendsetter,₹9700.00,"Running Shoes (₹4500.00), Leather Belt (₹1200.00), Formal Shirt (₹2200.00), Wallet (₹1800.00)",₹143300.00
CUST00450,ORD359542,John Jones,43,Male,john.jones.row0703@gmail.com,61362871521,Australia,Melbourne,16-08-2024,Churn Risk,₹7200.00,"Hoodie (₹2400.00), Bomber Jacket (₹4800.00)",₹80400.00
CUST00451,ORD234393,Lucas Rodriguez,27,Male,lucas.rodriguez.row0792@gmail.com,3.38608E+11,France,Lyon,13-01-2026,High Value,₹8800.00,"Bomber Jacket (₹4800.00), Cap (₹800.00), Loafers (₹3200.00)",₹40100.00
CUST00452,ORD153998,Michael Martinez,50,Male,michael.martinez.row0736@gmail.com,9.71955E+12,UAE,Dubai,11-09-2024,Loyal Customer,₹4800.00,Bomber Jacket (₹4800.00),₹116800.00
CUST00453,ORD886847,Michael Rodriguez,26,Male,michael.rodriguez.row0607@gmail.com,12345755271,USA,Chicago,22-02-2024,Discount Seeker,₹5600.00,"Bomber Jacket (₹4800.00), Cap (₹800.00)",₹136900.00
CUST00454,ORD622066,Diya Verma,30,Female,diya.verma.row0267@gmail.com,9.13428E+11,India,Bengaluru,22-04-2024,Frequent Buyer,₹2500.00,Black Denim Jeans (₹2500.00),₹22000.00
CUST00455,ORD630525,Vikram Banerjee,59,Male,vikram.banerjee.row0473@gmail.com,9.12909E+11,India,Pune,11-03-2026,VIP,₹5800.00,"Cap (₹800.00), Wallet (₹1800.00), Blue Denim Jacket (₹3200.00)",₹133100.00
CUST00456,ORD215019,Alex Rodriguez,25,Male,alex.rodriguez.row0640@gmail.com,1688422713,Canada,Toronto,27-12-2025,Frequent Buyer,₹8000.00,"Loafers (₹3200.00), Bomber Jacket (₹4800.00)",₹58000.00
CUST00457,ORD184143,Sarah Anderson,15,Female,sarah.anderson.row0602@gmail.com,12259138919,Canada,Toronto,21-04-2024,Loyal Customer,₹8100.00,"White T-Shirt (₹900.00), Winter Coat (₹7200.00)",₹45200.00
CUST00458,ORD322092,Rohan Chatterjee,46,Male,rohan.chatterjee.row0132@gmail.com,9.16552E+11,India,Chennai,23-03-2024,Loyal Customer,₹5300.00,"Running Shoes (₹4500.00), Cap (₹800.00)",₹128300.00
CUST00459,ORD491230,James Brown,42,Male,james.brown.row0866@gmail.com,16407651986,USA,Chicago,20-10-2025,Trendsetter,₹9800.00,"Sneakers (₹3500.00), White T-Shirt (₹900.00), Formal Shirt (₹2200.00), Loafers (₹3200.00)",₹69700.00
CUST00460,ORD601805,Oliver Miller,15,Male,oliver.miller.row0993@gmail.com,2.74957E+11,South Africa,Cape Town,27-04-2026,Frequent Buyer,₹8900.00,"Formal Shirt (₹2200.00), Running Shoes (₹4500.00), Slim Fit Jeans (₹2200.00)",₹20200.00
CUST00461,ORD223919,Vikram Sharma,28,Male,vikram.sharma.row0280@gmail.com,9.1645E+11,India,Chennai,15-05-2026,High Value,₹8700.00,"Scarf (₹700.00), Sneakers (₹3500.00), Running Shoes (₹4500.00)",₹141400.00
CUST00462,ORD832957,Avani Gupta,18,Female,avani.gupta.row0309@gmail.com,9.16807E+11,India,Chennai,26-04-2024,Trendsetter,₹5000.00,"Loafers (₹3200.00), Wallet (₹1800.00)",₹80900.00
CUST00463,ORD388957,Avani Shah,45,Female,avani.shah.row0082@gmail.com,9.12516E+11,India,Chennai,01-06-2025,High Value,₹7800.00,"Slim Fit Jeans (₹2200.00), Loafers (₹3200.00), Hoodie (₹2400.00)",₹104700.00
CUST00464,ORD331148,Aditya Iyer,43,Male,aditya.iyer.row0325@gmail.com,9.11318E+11,India,Chennai,13-03-2025,VIP,₹2200.00,Formal Shirt (₹2200.00),₹13800.00
CUST00465,ORD539866,Mary Martinez,16,Female,mary.martinez.row0887@gmail.com,3.37638E+11,France,Lyon,16-02-2024,Loyal Customer,₹9000.00,"Winter Coat (₹7200.00), Wallet (₹1800.00)",₹55000.00
CUST00466,ORD769921,Alex Davis,20,Male,alex.davis.row0785@gmail.com,18312331590,Canada,Montreal,19-11-2025,Churn Risk,₹7700.00,"Blue Denim Jacket (₹3200.00), Running Shoes (₹4500.00)",₹112900.00
CUST00467,ORD557111,Rahul Das,16,Male,rahul.das.row0486@gmail.com,9.15768E+11,India,Bengaluru,14-02-2026,VIP,₹3200.00,"Hoodie (₹2400.00), Cap (₹800.00)",₹59100.00
CUST00468,ORD309923,Ira Reddy,49,Female,ira.reddy.row0229@gmail.com,9.11811E+11,India,Bengaluru,03-07-2024,Churn Risk,₹3300.00,"Cap (₹800.00), Black Denim Jeans (₹2500.00)",₹50300.00
CUST00469,ORD737734,Lucas Garcia,40,Male,lucas.garcia.row0935@gmail.com,3.32996E+11,France,Paris,18-01-2026,High Value,₹5950.00,"Cap (₹800.00), Black T-Shirt (₹950.00), Hoodie (₹2400.00), Wallet (₹1800.00)",₹12850.00
CUST00470,ORD117252,Jane Miller,60,Female,jane.miller.row0990@gmail.com,18405280876,USA,Chicago,04-11-2025,Trendsetter,₹3200.00,Loafers (₹3200.00),₹85300.00
CUST00471,ORD737669,Emma Garcia,32,Female,emma.garcia.row1000@gmail.com,3.38541E+11,France,Lyon,05-08-2024,Frequent Buyer,₹900.00,White T-Shirt (₹900.00),₹10000.00
CUST00472,ORD217269,Pari Gupta,34,Female,pari.gupta.row0107@gmail.com,9.1999E+11,India,Chennai,04-11-2025,VIP,₹9600.00,"Hoodie (₹2400.00), Winter Coat (₹7200.00)",₹42600.00
CUST00473,ORD273920,James Thomas,36,Male,james.thomas.row0564@gmail.com,13615695877,Canada,Montreal,22-02-2026,VIP,₹8550.00,"Loafers (₹3200.00), Black T-Shirt (₹950.00), Sneakers (₹3500.00), White T-Shirt (₹900.00)",₹68550.00
CUST00474,ORD347037,Anil Bose,40,Male,anil.bose.row0103@gmail.com,91958770116,India,Mumbai,24-02-2024,Discount Seeker,₹4000.00,"Cap (₹800.00), Loafers (₹3200.00)",₹46000.00
CUST00475,ORD592048,Jane Thomas,20,Female,jane.thomas.row0646@gmail.com,6.11803E+11,Australia,Melbourne,27-07-2025,Loyal Customer,₹700.00,Scarf (₹700.00),₹128800.00
CUST00476,ORD975135,Aadhya Chatterjee,49,Female,aadhya.chatterjee.row0117@gmail.com,91274108351,India,Hyderabad,03-01-2025,High Value,₹3200.00,"Cap (₹800.00), Hoodie (₹2400.00)",₹131800.00
CUST00477,ORD648379,Alex Garcia,29,Male,alex.garcia.row0811@gmail.com,17262025013,USA,New York,17-06-2024,Frequent Buyer,₹5700.00,"Slim Fit Jeans (₹2200.00), Sneakers (₹3500.00)",₹134300.00
CUST00478,ORD220328,Sarah Williams,38,Female,sarah.williams.row0777@gmail.com,1101755588,USA,New York,10-03-2025,Trendsetter,₹10400.00,"Wallet (₹1800.00), Blue Denim Jacket (₹3200.00), Formal Shirt (₹2200.00), Loafers (₹3200.00)",₹131200.00
CUST00479,ORD863737,Aadhya Sharma,29,Female,aadhya.sharma.row0357@gmail.com,9.17087E+11,India,Bengaluru,31-03-2025,Loyal Customer,₹900.00,White T-Shirt (₹900.00),₹14500.00
CUST00480,ORD677126,Rohan Shah,22,Male,rohan.shah.row0318@gmail.com,9.18233E+11,India,Mumbai,17-05-2025,Trendsetter,₹5050.00,"Black T-Shirt (₹950.00), White T-Shirt (₹900.00), Loafers (₹3200.00)",₹28550.00
CUST00481,ORD567229,Anika Verma,58,Female,anika.verma.row0510@gmail.com,9.1709E+11,India,Chennai,02-05-2026,Loyal Customer,₹3200.00,Loafers (₹3200.00),₹91600.00
CUST00482,ORD809803,Aadhya Singh,15,Female,aadhya.singh.row0345@gmail.com,9.17697E+11,India,Bengaluru,08-01-2024,High Value,₹12050.00,"Black T-Shirt (₹950.00), Bomber Jacket (₹4800.00), Wallet (₹1800.00), Running Shoes (₹4500.00)",₹138650.00
CUST00483,ORD950060,Pari Nair,15,Female,pari.nair.row0443@gmail.com,9.13012E+11,India,Delhi,23-01-2025,Discount Seeker,₹12900.00,"Winter Coat (₹7200.00), Sneakers (₹3500.00), Slim Fit Jeans (₹2200.00)",₹29100.00
CUST00484,ORD740320,Ira Pillai,18,Female,ira.pillai.row0273@gmail.com,9.19799E+11,India,Hyderabad,01-09-2024,Churn Risk,₹4400.00,"Sneakers (₹3500.00), White T-Shirt (₹900.00)",₹21400.00
CUST00485,ORD801533,Sunil Reddy,20,Male,sunil.reddy.row0497@gmail.com,9.17885E+11,India,Mumbai,29-05-2024,Churn Risk,₹1700.00,"White T-Shirt (₹900.00), Cap (₹800.00)",₹10000.00
CUST00486,ORD611738,Diya Rao,34,Female,diya.rao.row0426@gmail.com,9.13273E+11,India,Delhi,16-02-2024,Churn Risk,₹3500.00,Sneakers (₹3500.00),₹21500.00
CUST00487,ORD165147,Jane Rodriguez,21,Female,jane.rodriguez.row1002@gmail.com,4.98699E+11,Germany,Berlin,17-07-2025,Loyal Customer,₹3900.00,"Loafers (₹3200.00), Scarf (₹700.00)",₹15000.00
CUST00488,ORD354789,Ava Jones,25,Female,ava.jones.row0943@gmail.com,44463276522,UK,London,04-07-2024,Churn Risk,₹1600.00,"White T-Shirt (₹900.00), Scarf (₹700.00)",₹38700.00
CUST00489,ORD900561,Rajesh Chatterjee,42,Male,rajesh.chatterjee.row0442@gmail.com,9.16846E+11,India,Bengaluru,25-10-2025,Loyal Customer,₹7000.00,"Black Denim Jeans (₹2500.00), Running Shoes (₹4500.00)",₹54900.00
CUST00490,ORD194787,Prisha Gupta,17,Female,prisha.gupta.row0136@gmail.com,9.14827E+11,India,Delhi,16-01-2025,VIP,₹6300.00,"Running Shoes (₹4500.00), Wallet (₹1800.00)",₹128900.00
CUST00491,ORD216396,Oliver Wilson,36,Male,oliver.wilson.row0810@gmail.com,6.16654E+11,Australia,Melbourne,17-06-2024,Loyal Customer,₹8300.00,"Bomber Jacket (₹4800.00), Sneakers (₹3500.00)",₹21000.00
CUST00492,ORD341149,Pari Das,49,Female,pari.das.row0075@gmail.com,91776252022,India,Pune,08-06-2024,Discount Seeker,₹5700.00,"Loafers (₹3200.00), Black Denim Jeans (₹2500.00)",₹13000.00
CUST00493,ORD716973,Alex Wilson,44,Male,alex.wilson.row0783@gmail.com,6.15584E+11,Australia,Melbourne,20-09-2024,Loyal Customer,₹2400.00,Hoodie (₹2400.00),₹100600.00
CUST00494,ORD749002,Vivaan Sharma,18,Male,vivaan.sharma.row0359@gmail.com,9.19238E+11,India,Bengaluru,01-05-2025,VIP,₹700.00,Scarf (₹700.00),₹93700.00
CUST00495,ORD888890,Jane Johnson,49,Female,jane.johnson.row0719@gmail.com,4.94406E+11,Germany,Berlin,08-01-2026,Churn Risk,₹8400.00,"Running Shoes (₹4500.00), Scarf (₹700.00), Loafers (₹3200.00)",₹142600.00
CUST00496,ORD349964,Oliver Johnson,39,Male,oliver.johnson.row0674@gmail.com,15670775959,USA,New York,28-06-2025,VIP,₹3400.00,"Black Denim Jeans (₹2500.00), White T-Shirt (₹900.00)",₹141900.00
CUST00497,ORD608237,Sarah Garcia,47,Female,sarah.garcia.row0921@gmail.com,4.45899E+11,UK,Birmingham,20-06-2024,Frequent Buyer,₹7700.00,"Running Shoes (₹4500.00), Loafers (₹3200.00)",₹136800.00
CUST00498,ORD175939,Rohan Singh,28,Male,rohan.singh.row0077@gmail.com,9.18396E+11,India,Chennai,15-08-2024,High Value,₹12600.00,"Running Shoes (₹4500.00), White T-Shirt (₹900.00), Winter Coat (₹7200.00)",₹63100.00
CUST00499,ORD950669,Mary Wilson,26,Female,mary.wilson.row0676@gmail.com,9.71487E+12,UAE,Abu Dhabi,27-09-2024,Churn Risk,₹4800.00,Bomber Jacket (₹4800.00),₹58300.00
CUST00500,ORD991822,Amelia Davis,48,Female,amelia.davis.row0949@gmail.com,61376986102,Australia,Sydney,19-03-2025,Trendsetter,₹4500.00,Running Shoes (₹4500.00),₹118600.00
CUST00501,ORD711108,Amelia Taylor,53,Female,amelia.taylor.row0543@gmail.com,4.96115E+11,Germany,Munich,03-05-2026,VIP,₹4950.00,"Black T-Shirt (₹950.00), Cap (₹800.00), Blue Denim Jacket (₹3200.00)",₹91450.00
CUST00502,ORD194230,Avani Shah,40,Female,avani.shah.row0203@gmail.com,9.18201E+11,India,Delhi,24-04-2026,Trendsetter,₹8500.00,"Loafers (₹3200.00), Wallet (₹1800.00), Sneakers (₹3500.00)",₹130400.00
CUST00503,ORD271400,Anika Sharma,25,Female,anika.sharma.row0207@gmail.com,9.18644E+11,India,Chennai,15-07-2025,Loyal Customer,₹7400.00,"Slim Fit Jeans (₹2200.00), Running Shoes (₹4500.00), Scarf (₹700.00)",₹70700.00
CUST00504,ORD893889,Oliver Smith,38,Male,oliver.smith.row0588@gmail.com,4.4201E+11,UK,Manchester,27-07-2025,VIP,₹7200.00,"Loafers (₹3200.00), Wallet (₹1800.00), Slim Fit Jeans (₹2200.00)",₹20000.00
CUST00505,ORD703507,David Garcia,50,Male,david.garcia.row1026@gmail.com,11725331942,Canada,Toronto,15-05-2025,Loyal Customer,₹6600.00,"Loafers (₹3200.00), White T-Shirt (₹900.00), Black Denim Jeans (₹2500.00)",₹50100.00
CUST00506,ORD735222,Aditya Singh,35,Male,aditya.singh.row0512@gmail.com,9.1883E+11,India,Chennai,26-10-2024,Discount Seeker,₹8900.00,"Running Shoes (₹4500.00), White T-Shirt (₹900.00), Sneakers (₹3500.00)",₹99000.00
CUST00507,ORD366915,Reyansh Mukherjee,42,Male,reyansh.mukherjee.row0439@gmail.com,9.14241E+11,India,Bengaluru,01-12-2024,Discount Seeker,₹12300.00,"Hoodie (₹2400.00), Wallet (₹1800.00), White T-Shirt (₹900.00), Winter Coat (₹7200.00)",₹35400.00
CUST00508,ORD790218,Emily Wilson,35,Female,emily.wilson.row0906@gmail.com,33633115739,France,Paris,01-07-2025,Frequent Buyer,₹7200.00,"Loafers (₹3200.00), Wallet (₹1800.00), Slim Fit Jeans (₹2200.00)",₹56000.00
CUST00509,ORD516627,Vihaan Nair,47,Male,vihaan.nair.row0264@gmail.com,9.11935E+11,India,Mumbai,01-12-2025,Discount Seeker,₹10400.00,"Winter Coat (₹7200.00), Loafers (₹3200.00)",₹97700.00
CUST00510,ORD894325,Sunil Patel,27,Male,sunil.patel.row0358@gmail.com,9.18015E+11,India,Delhi,05-09-2025,Discount Seeker,₹18300.00,"Winter Coat (₹7200.00), Bomber Jacket (₹4800.00), Running Shoes (₹4500.00), Wallet (₹1800.00)",₹132900.00
CUST00511,ORD581174,Anil Das,39,Male,anil.das.row0121@gmail.com,9.12908E+11,India,Delhi,25-12-2024,Frequent Buyer,₹11850.00,"Black Denim Jeans (₹2500.00), Winter Coat (₹7200.00), Black T-Shirt (₹950.00), Leather Belt (₹1200.00)",₹108250.00
CUST00512,ORD828940,James Jones,20,Male,james.jones.row0605@gmail.com,18771432951,Canada,Vancouver,04-09-2025,VIP,₹7250.00,"Black T-Shirt (₹950.00), Wallet (₹1800.00), Running Shoes (₹4500.00)",₹26050.00
CUST00513,ORD473103,Riya Reddy,43,Female,riya.reddy.row0349@gmail.com,9.17525E+11,India,Chennai,30-09-2025,Frequent Buyer,₹10000.00,"Wallet (₹1800.00), Slim Fit Jeans (₹2200.00), Black Denim Jeans (₹2500.00), Sneakers (₹3500.00)",₹17700.00
CUST00514,ORD896181,Vivaan Banerjee,35,Male,vivaan.banerjee.row0040@gmail.com,9.12754E+11,India,Bengaluru,30-04-2025,Churn Risk,₹4400.00,"Blue Denim Jacket (₹3200.00), Leather Belt (₹1200.00)",₹65900.00
CUST00515,ORD996052,Aditya Kumar,40,Male,aditya.kumar.row0435@gmail.com,9.16043E+11,India,Mumbai,05-06-2025,Churn Risk,₹950.00,Black T-Shirt (₹950.00),₹16350.00
CUST00516,ORD607365,Rajesh Nair,49,Male,rajesh.nair.row0398@gmail.com,9.13119E+11,India,Pune,19-04-2026,Loyal Customer,₹4100.00,"White T-Shirt (₹900.00), Blue Denim Jacket (₹3200.00)",₹83600.00
CUST00517,ORD977815,Vikram Singh,30,Male,vikram.singh.row0481@gmail.com,9.11692E+11,India,Chennai,04-08-2025,High Value,₹1900.00,"Leather Belt (₹1200.00), Scarf (₹700.00)",₹132000.00
CUST00518,ORD969589,David Anderson,30,Male,david.anderson.row0910@gmail.com,4.9486E+11,Germany,Munich,30-09-2024,Discount Seeker,₹2200.00,Slim Fit Jeans (₹2200.00),₹137900.00
CUST00519,ORD349619,Vivaan Mishra,22,Male,vivaan.mishra.row0413@gmail.com,9.15934E+11,India,Mumbai,22-01-2025,Discount Seeker,₹2500.00,"Scarf (₹700.00), Wallet (₹1800.00)",₹142200.00
CUST00520,ORD867711,David Williams,42,Male,david.williams.row0625@gmail.com,6.18558E+11,Australia,Brisbane,10-05-2024,Loyal Customer,₹7200.00,Winter Coat (₹7200.00),₹54600.00
CUST00521,ORD893147,Sarah Rodriguez,39,Female,sarah.rodriguez.row0749@gmail.com,81382219373,Japan,Tokyo,21-04-2026,High Value,₹5700.00,"Formal Shirt (₹2200.00), Sneakers (₹3500.00)",₹126200.00
CUST00522,ORD559388,Michael Garcia,54,Male,michael.garcia.row0714@gmail.com,4.91576E+11,Germany,Munich,29-10-2024,Trendsetter,₹10900.00,"Loafers (₹3200.00), Running Shoes (₹4500.00), Blue Denim Jacket (₹3200.00)",₹143900.00
CUST00523,ORD286188,Aadhya Kumar,33,Female,aadhya.kumar.row0158@gmail.com,9.15871E+11,India,Mumbai,15-01-2024,Frequent Buyer,₹2200.00,Formal Shirt (₹2200.00),₹113100.00
CUST00524,ORD297320,Sanjay Mehra,18,Male,sanjay.mehra.row0482@gmail.com,9.15962E+11,India,Hyderabad,22-05-2025,Loyal Customer,₹11500.00,"Bomber Jacket (₹4800.00), Loafers (₹3200.00), Sneakers (₹3500.00)",₹63200.00
CUST00525,ORD402803,Vihaan Mishra,36,Male,vihaan.mishra.row0279@gmail.com,9.17852E+11,India,Bengaluru,08-08-2024,VIP,₹900.00,White T-Shirt (₹900.00),₹124500.00
CUST00526,ORD370490,Michael Rodriguez,43,Male,michael.rodriguez.row0744@gmail.com,5.54345E+11,Brazil,Sao Paulo,14-01-2024,VIP,₹900.00,White T-Shirt (₹900.00),₹70300.00
CUST00527,ORD973018,James Wilson,24,Male,james.wilson.row0905@gmail.com,6.11843E+11,Australia,Sydney,09-07-2025,Discount Seeker,₹700.00,Scarf (₹700.00),₹49500.00
CUST00528,ORD722839,Liam Rodriguez,29,Male,liam.rodriguez.row0661@gmail.com,2.79452E+11,South Africa,Johannesburg,29-02-2024,High Value,₹2500.00,Black Denim Jeans (₹2500.00),₹109300.00
CUST00529,ORD307370,Jane Miller,45,Female,jane.miller.row0914@gmail.com,2.73417E+11,South Africa,Cape Town,14-06-2025,Churn Risk,₹13500.00,"Wallet (₹1800.00), Bomber Jacket (₹4800.00), Hoodie (₹2400.00), Running Shoes (₹4500.00)",₹31700.00
CUST00530,ORD988703,John Wilson,48,Male,john.wilson.row0972@gmail.com,4.47241E+11,UK,Birmingham,18-02-2024,Trendsetter,₹800.00,Cap (₹800.00),₹89100.00
CUST00531,ORD683841,Jessica Davis,15,Female,jessica.davis.row0540@gmail.com,1573604666,Canada,Montreal,01-10-2025,Discount Seeker,₹950.00,Black T-Shirt (₹950.00),₹94950.00
CUST00532,ORD100674,Rohan Pillai,17,Male,rohan.pillai.row0081@gmail.com,9.12795E+11,India,Delhi,19-02-2026,High Value,₹11600.00,"Formal Shirt (₹2200.00), Slim Fit Jeans (₹2200.00), Bomber Jacket (₹4800.00), Hoodie (₹2400.00)",₹111500.00
CUST00533,ORD672464,Lucas Martinez,39,Male,lucas.martinez.row0918@gmail.com,4.97458E+11,Germany,Munich,04-02-2025,Frequent Buyer,₹6400.00,"Blue Denim Jacket (₹3200.00), Loafers (₹3200.00)",₹139100.00
CUST00534,ORD203877,Aarav Rao,52,Male,aarav.rao.row0036@gmail.com,9.13726E+11,India,Pune,24-02-2024,VIP,₹9050.00,"Winter Coat (₹7200.00), White T-Shirt (₹900.00), Black T-Shirt (₹950.00)",₹48750.00
CUST00535,ORD240420,Reyansh Joshi,34,Male,reyansh.joshi.row0479@gmail.com,9.1469E+11,India,Hyderabad,29-09-2024,Discount Seeker,₹3000.00,"Formal Shirt (₹2200.00), Cap (₹800.00)",₹140500.00
CUST00536,ORD812475,Anika Bose,37,Female,anika.bose.row0498@gmail.com,9.18596E+11,India,Hyderabad,26-01-2026,Loyal Customer,₹13400.00,"Blue Denim Jacket (₹3200.00), Loafers (₹3200.00), Bomber Jacket (₹4800.00), Formal Shirt (₹2200.00)",₹60200.00
CUST00537,ORD300539,Anika Banerjee,51,Female,anika.banerjee.row0125@gmail.com,9.17004E+11,India,Pune,04-11-2024,Trendsetter,₹5000.00,"Wallet (₹1800.00), Blue Denim Jacket (₹3200.00)",₹122700.00
CUST00538,ORD436811,Rajesh Mehra,22,Male,rajesh.mehra.row0141@gmail.com,9.11583E+11,India,Hyderabad,30-08-2025,Discount Seeker,₹4700.00,"Formal Shirt (₹2200.00), Scarf (₹700.00), Wallet (₹1800.00)",₹139500.00
CUST00539,ORD533343,Emma Jones,38,Female,emma.jones.row0767@gmail.com,9.71777E+12,UAE,Abu Dhabi,03-09-2025,High Value,₹7100.00,"Scarf (₹700.00), Hoodie (₹2400.00), Slim Fit Jeans (₹2200.00), Wallet (₹1800.00)",₹140100.00
CUST00540,ORD432406,Vivaan Kumar,22,Male,vivaan.kumar.row0096@gmail.com,9.12404E+11,India,Bengaluru,30-01-2026,VIP,₹5250.00,"Black T-Shirt (₹950.00), Wallet (₹1800.00), Black Denim Jeans (₹2500.00)",₹96650.00
CUST00541,ORD326101,Vikram Bose,35,Male,vikram.bose.row0319@gmail.com,91228512041,India,Delhi,11-06-2024,Discount Seeker,₹3200.00,Blue Denim Jacket (₹3200.00),₹100500.00
CUST00542,ORD351303,Ira Mishra,25,Female,ira.mishra.row0272@gmail.com,9.14986E+11,India,Hyderabad,22-06-2024,Trendsetter,₹13600.00,"Winter Coat (₹7200.00), Black Denim Jeans (₹2500.00), Scarf (₹700.00), Blue Denim Jacket (₹3200.00)",₹16400.00
CUST00543,ORD230727,James Wilson,26,Male,james.wilson.row0820@gmail.com,5.52839E+11,Brazil,Rio de Janeiro,27-05-2026,High Value,₹11600.00,"Winter Coat (₹7200.00), Sneakers (₹3500.00), White T-Shirt (₹900.00)",₹94600.00
CUST00544,ORD869727,Arjun Verma,33,Male,arjun.verma.row0376@gmail.com,9.17419E+11,India,Delhi,19-01-2024,Discount Seeker,₹950.00,Black T-Shirt (₹950.00),₹64050.00
CUST00545,ORD597205,Oliver Jones,23,Male,oliver.jones.row0615@gmail.com,6.5101E+11,Singapore,Singapore,03-08-2025,VIP,₹7200.00,Winter Coat (₹7200.00),₹13200.00
CUST00546,ORD674939,Deepak Singh,44,Male,deepak.singh.row0201@gmail.com,9.14568E+11,India,Mumbai,17-02-2024,Loyal Customer,₹2450.00,"Cap (₹800.00), Scarf (₹700.00), Black T-Shirt (₹950.00)",₹15950.00
CUST00547,ORD380722,Emma Thomas,19,Female,emma.thomas.row0728@gmail.com,6.17561E+11,Australia,Brisbane,05-04-2024,Trendsetter,₹11700.00,"Running Shoes (₹4500.00), Winter Coat (₹7200.00)",₹130100.00
CUST00548,ORD495713,Aarav Bose,44,Male,aarav.bose.row0211@gmail.com,9.16119E+11,India,Chennai,06-01-2024,Discount Seeker,₹4400.00,"Slim Fit Jeans (₹2200.00), Formal Shirt (₹2200.00)",₹32300.00
CUST00549,ORD733557,Vikram Kumar,25,Male,vikram.kumar.row0011@gmail.com,9.19759E+11,India,Chennai,25-09-2024,Discount Seeker,₹6400.00,"Scarf (₹700.00), Sneakers (₹3500.00), Formal Shirt (₹2200.00)",₹96800.00
CUST00550,ORD496347,Pihu Mehra,48,Female,pihu.mehra.row0045@gmail.com,9.19842E+11,India,Mumbai,10-01-2025,Trendsetter,₹8600.00,"Blue Denim Jacket (₹3200.00), Loafers (₹3200.00), Formal Shirt (₹2200.00)",₹95400.00
CUST00551,ORD571810,Alex Taylor,40,Male,alex.taylor.row0751@gmail.com,12931662807,Canada,Vancouver,09-06-2024,Trendsetter,₹2400.00,Hoodie (₹2400.00),₹77200.00
CUST00552,ORD288445,Michael Thomas,29,Male,michael.thomas.row0917@gmail.com,6.57726E+11,Singapore,Singapore,07-07-2025,Frequent Buyer,₹800.00,Cap (₹800.00),₹56200.00
CUST00553,ORD464166,James Davis,32,Male,james.davis.row0950@gmail.com,14159580745,USA,Chicago,04-02-2025,Loyal Customer,₹4200.00,"Hoodie (₹2400.00), Wallet (₹1800.00)",₹77200.00
CUST00554,ORD658596,Prisha Rao,46,Female,prisha.rao.row0039@gmail.com,9.14061E+11,India,Delhi,15-05-2024,VIP,₹700.00,Scarf (₹700.00),₹15500.00
CUST00555,ORD448002,Emily Anderson,42,Female,emily.anderson.row0583@gmail.com,19562526093,USA,Los Angeles,18-12-2024,High Value,₹5300.00,"Leather Belt (₹1200.00), White T-Shirt (₹900.00), Blue Denim Jacket (₹3200.00)",₹44400.00
CUST00556,ORD195808,Pihu Chatterjee,16,Female,pihu.chatterjee.row0315@gmail.com,9.19314E+11,India,Delhi,11-06-2026,High Value,₹10000.00,"Running Shoes (₹4500.00), Black Denim Jeans (₹2500.00), Cap (₹800.00), Slim Fit Jeans (₹2200.00)",₹40700.00
CUST00557,ORD399445,Amit Banerjee,21,Male,amit.banerjee.row0131@gmail.com,9.16716E+11,India,Hyderabad,29-06-2025,High Value,₹4350.00,"Leather Belt (₹1200.00), Black T-Shirt (₹950.00), Slim Fit Jeans (₹2200.00)",₹10050.00
CUST00558,ORD251767,James Brown,45,Male,james.brown.row0716@gmail.com,9.72E+11,UAE,Dubai,07-04-2025,Churn Risk,₹5400.00,"Slim Fit Jeans (₹2200.00), Loafers (₹3200.00)",₹101000.00
CUST00559,ORD215297,James Anderson,39,Male,james.anderson.row0977@gmail.com,11718363321,USA,Houston,05-07-2025,High Value,₹1200.00,Leather Belt (₹1200.00),₹115600.00
CUST00560,ORD851797,John Taylor,28,Male,john.taylor.row0895@gmail.com,1930981846,Canada,Vancouver,15-11-2025,Discount Seeker,₹8950.00,"Bomber Jacket (₹4800.00), Loafers (₹3200.00), Black T-Shirt (₹950.00)",₹94350.00
CUST00561,ORD470820,Rahul Mishra,26,Male,rahul.mishra.row0336@gmail.com,9.18314E+11,India,Mumbai,25-11-2024,Discount Seeker,₹4200.00,"Wallet (₹1800.00), Hoodie (₹2400.00)",₹31300.00
CUST00562,ORD469903,Anil Iyer,20,Male,anil.iyer.row0408@gmail.com,9.11113E+11,India,Chennai,03-10-2025,Loyal Customer,₹4800.00,Bomber Jacket (₹4800.00),₹127100.00
CUST00563,ORD450372,Sarah Davis,22,Female,sarah.davis.row0637@gmail.com,4.93965E+11,Germany,Hamburg,29-05-2024,Trendsetter,₹6000.00,"Bomber Jacket (₹4800.00), Leather Belt (₹1200.00)",₹27700.00
CUST00564,ORD810597,Emily Martinez,22,Female,emily.martinez.row0732@gmail.com,14391751841,USA,Chicago,14-07-2025,Trendsetter,₹16400.00,"Bomber Jacket (₹4800.00), Leather Belt (₹1200.00), Blue Denim Jacket (₹3200.00), Winter Coat (₹7200.00)",₹28900.00
CUST00565,ORD806285,Sunil Pillai,15,Male,sunil.pillai.row0038@gmail.com,9.11307E+11,India,Delhi,20-05-2025,Frequent Buyer,₹10400.00,"Winter Coat (₹7200.00), Loafers (₹3200.00)",₹44500.00
CUST00566,ORD126223,Ava Johnson,31,Female,ava.johnson.row0831@gmail.com,2.76859E+11,South Africa,Johannesburg,11-06-2024,Churn Risk,₹8700.00,"Blue Denim Jacket (₹3200.00), Leather Belt (₹1200.00), Cap (₹800.00), Sneakers (₹3500.00)",₹21800.00
CUST00567,ORD469480,Vikram Sharma,17,Male,vikram.sharma.row0021@gmail.com,9.16712E+11,India,Chennai,09-01-2026,Discount Seeker,₹3400.00,"Scarf (₹700.00), Wallet (₹1800.00), White T-Shirt (₹900.00)",₹71700.00
CUST00568,ORD914247,Oliver Smith,19,Male,oliver.smith.row0985@gmail.com,5.51748E+11,Brazil,Sao Paulo,30-08-2024,Loyal Customer,₹4400.00,"Blue Denim Jacket (₹3200.00), Leather Belt (₹1200.00)",₹41200.00
CUST00569,ORD545350,Aditya Verma,36,Male,aditya.verma.row0455@gmail.com,9.15079E+11,India,Pune,26-08-2025,Trendsetter,₹800.00,Cap (₹800.00),₹5700.00
CUST00570,ORD989569,Oliver Martinez,44,Male,oliver.martinez.row0764@gmail.com,3.38691E+11,France,Marseille,10-03-2024,Churn Risk,₹5900.00,"Formal Shirt (₹2200.00), Wallet (₹1800.00), Scarf (₹700.00), Leather Belt (₹1200.00)",₹58800.00
CUST00571,ORD790287,Vivaan Mishra,37,Male,vivaan.mishra.row0307@gmail.com,91962822140,India,Bengaluru,25-02-2024,Frequent Buyer,₹4600.00,"Hoodie (₹2400.00), Formal Shirt (₹2200.00)",₹65800.00
CUST00572,ORD506929,Oliver Smith,32,Male,oliver.smith.row0658@gmail.com,9.71752E+11,UAE,Dubai,11-07-2024,Churn Risk,₹700.00,Scarf (₹700.00),₹78300.00
CUST00573,ORD451726,Krishna Das,38,Male,krishna.das.row0129@gmail.com,9.11022E+11,India,Chennai,12-06-2026,Discount Seeker,₹7200.00,Winter Coat (₹7200.00),₹112300.00
CUST00574,ORD894395,Ananya Chatterjee,42,Female,ananya.chatterjee.row0106@gmail.com,9.13427E+11,India,Delhi,26-01-2024,Loyal Customer,₹6000.00,"Cap (₹800.00), Slim Fit Jeans (₹2200.00), Leather Belt (₹1200.00), Wallet (₹1800.00)",₹115000.00
CUST00575,ORD886451,Anil Mukherjee,38,Male,anil.mukherjee.row0269@gmail.com,9.11712E+11,India,Chennai,06-03-2026,High Value,₹11300.00,"White T-Shirt (₹900.00), Hoodie (₹2400.00), Winter Coat (₹7200.00), Cap (₹800.00)",₹125300.00
CUST00576,ORD157969,Sarah Martinez,22,Female,sarah.martinez.row0562@gmail.com,4.43839E+11,UK,London,14-06-2024,Trendsetter,₹7850.00,"Black Denim Jeans (₹2500.00), Formal Shirt (₹2200.00), Black T-Shirt (₹950.00), Slim Fit Jeans (₹2200.00)",₹127650.00
CUST00577,ORD588491,Mary Davis,29,Female,mary.davis.row0720@gmail.com,3.35784E+11,France,Marseille,02-06-2024,High Value,₹6700.00,"Sneakers (₹3500.00), Blue Denim Jacket (₹3200.00)",₹61900.00
CUST00578,ORD181034,Emma Johnson,36,Female,emma.johnson.row0790@gmail.com,9.71208E+12,UAE,Abu Dhabi,02-09-2025,Loyal Customer,₹6700.00,"Formal Shirt (₹2200.00), Running Shoes (₹4500.00)",₹87400.00
CUST00579,ORD929169,Emily Johnson,39,Female,emily.johnson.row0859@gmail.com,5.56132E+11,Brazil,Sao Paulo,01-01-2025,Trendsetter,₹10200.00,"Loafers (₹3200.00), Formal Shirt (₹2200.00), Bomber Jacket (₹4800.00)",₹48500.00
CUST00580,ORD878166,Emily Davis,46,Female,emily.davis.row0853@gmail.com,4.47808E+11,UK,London,03-01-2024,Churn Risk,₹4200.00,"Scarf (₹700.00), Sneakers (₹3500.00)",₹10700.00
CUST00581,ORD661063,Reyansh Singh,48,Male,reyansh.singh.row0420@gmail.com,9.13411E+11,India,Bengaluru,09-04-2025,Loyal Customer,₹10050.00,"Formal Shirt (₹2200.00), Running Shoes (₹4500.00), Hoodie (₹2400.00), Black T-Shirt (₹950.00)",₹109350.00
CUST00582,ORD361039,Michael Johnson,45,Male,michael.johnson.row0747@gmail.com,9.7144E+12,UAE,Abu Dhabi,04-10-2025,Churn Risk,₹6900.00,"Running Shoes (₹4500.00), Hoodie (₹2400.00)",₹132200.00
CUST00583,ORD474708,Vikram Singh,20,Male,vikram.singh.row0138@gmail.com,9.18561E+11,India,Pune,09-05-2025,Churn Risk,₹5200.00,"Scarf (₹700.00), Running Shoes (₹4500.00)",₹39300.00
CUST00584,ORD424635,Ava Miller,19,Female,ava.miller.row0829@gmail.com,13449690280,Canada,Toronto,18-04-2024,Frequent Buyer,₹2200.00,Formal Shirt (₹2200.00),₹52200.00
CUST00585,ORD509686,James Garcia,34,Male,james.garcia.row1019@gmail.com,4.94726E+11,Germany,Berlin,06-06-2026,Frequent Buyer,₹4850.00,"Cap (₹800.00), White T-Shirt (₹900.00), Black T-Shirt (₹950.00), Slim Fit Jeans (₹2200.00)",₹25450.00
CUST00586,ORD131366,Mary Anderson,22,Female,mary.anderson.row0574@gmail.com,1551851743,Canada,Toronto,21-05-2026,High Value,₹8400.00,"Scarf (₹700.00), Blue Denim Jacket (₹3200.00), Running Shoes (₹4500.00)",₹74500.00
CUST00587,ORD101508,Aadhya Gupta,25,Female,aadhya.gupta.row0484@gmail.com,9.1446E+11,India,Mumbai,23-02-2024,Discount Seeker,₹800.00,Cap (₹800.00),₹66200.00
CUST00588,ORD549506,Vijay Reddy,17,Male,vijay.reddy.row0153@gmail.com,9.16258E+11,India,Pune,17-07-2025,Discount Seeker,₹2400.00,Hoodie (₹2400.00),₹121000.00
CUST00589,ORD935128,Jessica Rodriguez,59,Female,jessica.rodriguez.row0642@gmail.com,55957917327,Brazil,Rio de Janeiro,25-01-2025,VIP,₹6500.00,"Sneakers (₹3500.00), Slim Fit Jeans (₹2200.00), Cap (₹800.00)",₹26200.00
CUST00590,ORD880502,Ishaan Rao,23,Male,ishaan.rao.row0282@gmail.com,9.15348E+11,India,Hyderabad,02-11-2025,Churn Risk,₹5750.00,"Loafers (₹3200.00), White T-Shirt (₹900.00), Scarf (₹700.00), Black T-Shirt (₹950.00)",₹36050.00
CUST00591,ORD814068,Michael Williams,32,Male,michael.williams.row0768@gmail.com,4.41259E+11,UK,Manchester,07-01-2026,High Value,₹10100.00,"Cap (₹800.00), Bomber Jacket (₹4800.00), Running Shoes (₹4500.00)",₹121800.00
CUST00592,ORD465959,Prisha Pillai,47,Female,prisha.pillai.row0457@gmail.com,9.15322E+11,India,Bengaluru,20-05-2026,Discount Seeker,₹12000.00,"Bomber Jacket (₹4800.00), Winter Coat (₹7200.00)",₹50400.00
CUST00593,ORD840646,Vijay Bose,37,Male,vijay.bose.row0424@gmail.com,9.19341E+11,India,Chennai,15-06-2024,VIP,₹10100.00,"Blue Denim Jacket (₹3200.00), Leather Belt (₹1200.00), Formal Shirt (₹2200.00), Sneakers (₹3500.00)",₹82500.00
CUST00594,ORD550315,Reyansh Bose,33,Male,reyansh.bose.row0312@gmail.com,9.16136E+11,India,Chennai,09-09-2025,High Value,₹1800.00,Wallet (₹1800.00),₹63700.00
CUST00595,ORD580863,Mary Anderson,29,Female,mary.anderson.row0638@gmail.com,27389409594,South Africa,Cape Town,05-03-2025,VIP,₹2400.00,Hoodie (₹2400.00),₹126400.00
CUST00596,ORD563437,Vikram Sharma,21,Male,vikram.sharma.row0342@gmail.com,9.17966E+11,India,Delhi,07-04-2025,Churn Risk,₹3200.00,Loafers (₹3200.00),₹114200.00
CUST00597,ORD950951,Sai Reddy,57,Male,sai.reddy.row0226@gmail.com,9.15355E+11,India,Delhi,16-04-2026,Trendsetter,₹6950.00,"Bomber Jacket (₹4800.00), Black T-Shirt (₹950.00), Leather Belt (₹1200.00)",₹105150.00
CUST00598,ORD722202,Aditya Banerjee,55,Male,aditya.banerjee.row0012@gmail.com,9.15005E+11,India,Bengaluru,15-07-2025,Trendsetter,₹11400.00,"White T-Shirt (₹900.00), Slim Fit Jeans (₹2200.00), Bomber Jacket (₹4800.00), Sneakers (₹3500.00)",₹60500.00
CUST00599,ORD853223,Jessica Smith,20,Female,jessica.smith.row1018@gmail.com,1879003151,USA,New York,10-02-2024,Churn Risk,₹4500.00,Running Shoes (₹4500.00),₹79200.00
CUST00600,ORD776361,Mary Rodriguez,15,Female,mary.rodriguez.row0599@gmail.com,6.15328E+11,Australia,Sydney,24-01-2025,Trendsetter,₹3900.00,"Slim Fit Jeans (₹2200.00), White T-Shirt (₹900.00), Cap (₹800.00)",₹116600.00
CUST00601,ORD458952,Vikram Reddy,33,Male,vikram.reddy.row0446@gmail.com,9.11346E+11,India,Pune,21-02-2025,High Value,₹12700.00,"Formal Shirt (₹2200.00), Winter Coat (₹7200.00), Hoodie (₹2400.00), White T-Shirt (₹900.00)",₹123900.00
CUST00602,ORD763944,Jane Martinez,41,Female,jane.martinez.row0952@gmail.com,4.91276E+11,Germany,Berlin,07-03-2026,Loyal Customer,₹6900.00,"Blue Denim Jacket (₹3200.00), Leather Belt (₹1200.00), Black Denim Jeans (₹2500.00)",₹61200.00
CUST00603,ORD155057,Vihaan Gupta,27,Male,vihaan.gupta.row0028@gmail.com,9.12227E+11,India,Delhi,11-11-2024,Churn Risk,₹9850.00,"Sneakers (₹3500.00), Running Shoes (₹4500.00), White T-Shirt (₹900.00), Black T-Shirt (₹950.00)",₹102250.00
CUST00604,ORD384450,Anika Gupta,35,Female,anika.gupta.row0386@gmail.com,9.18042E+11,India,Hyderabad,01-01-2026,Frequent Buyer,₹6100.00,"Leather Belt (₹1200.00), Cap (₹800.00), Loafers (₹3200.00), White T-Shirt (₹900.00)",₹104400.00
CUST00605,ORD336923,Jessica Wilson,30,Female,jessica.wilson.row0652@gmail.com,9.71202E+11,UAE,Abu Dhabi,04-05-2026,Churn Risk,₹12000.00,"Bomber Jacket (₹4800.00), Winter Coat (₹7200.00)",₹61600.00
CUST00606,ORD601610,Alex Garcia,36,Male,alex.garcia.row0538@gmail.com,27163080469,South Africa,Cape Town,14-08-2024,Discount Seeker,₹950.00,Black T-Shirt (₹950.00),₹25750.00
CUST00607,ORD852946,Jessica Jones,34,Female,jessica.jones.row0522@gmail.com,3.37443E+11,France,Marseille,03-05-2026,Trendsetter,₹2750.00,"Wallet (₹1800.00), Black T-Shirt (₹950.00)",₹67150.00
CUST00608,ORD608405,Amelia Johnson,35,Female,amelia.johnson.row0772@gmail.com,6.123E+11,Australia,Melbourne,05-01-2025,Trendsetter,₹700.00,Scarf (₹700.00),₹86700.00
CUST00609,ORD357381,Sanjay Patel,43,Male,sanjay.patel.row0095@gmail.com,9.13309E+11,India,Pune,13-12-2024,VIP,₹7200.00,Winter Coat (₹7200.00),₹19000.00
CUST00610,ORD128116,Jane Garcia,50,Female,jane.garcia.row0837@gmail.com,3.35812E+11,France,Paris,25-09-2024,Churn Risk,₹5350.00,"Black T-Shirt (₹950.00), Leather Belt (₹1200.00), Loafers (₹3200.00)",₹126550.00
CUST00611,ORD192387,Pari Das,39,Female,pari.das.row0148@gmail.com,9.17546E+11,India,Chennai,16-05-2024,Churn Risk,₹3400.00,"Leather Belt (₹1200.00), Formal Shirt (₹2200.00)",₹34600.00
CUST00612,ORD568801,David Williams,25,Male,david.williams.row0776@gmail.com,2.77652E+11,South Africa,Johannesburg,18-07-2025,High Value,₹14200.00,"Bomber Jacket (₹4800.00), Formal Shirt (₹2200.00), Winter Coat (₹7200.00)",₹35400.00
CUST00613,ORD902463,Prisha Das,48,Female,prisha.das.row0286@gmail.com,9.17794E+11,India,Mumbai,03-10-2025,High Value,₹3500.00,Sneakers (₹3500.00),₹51700.00
CUST00614,ORD241806,Jessica Rodriguez,43,Female,jessica.rodriguez.row0631@gmail.com,14646458537,Canada,Vancouver,23-02-2024,Churn Risk,₹7200.00,"Wallet (₹1800.00), Slim Fit Jeans (₹2200.00), Blue Denim Jacket (₹3200.00)",₹11400.00
CUST00615,ORD986257,David Miller,40,Male,david.miller.row1009@gmail.com,9.71806E+12,UAE,Abu Dhabi,06-02-2025,Loyal Customer,₹3150.00,"Slim Fit Jeans (₹2200.00), Black T-Shirt (₹950.00)",₹121050.00
CUST00616,ORD412334,Amelia Wilson,49,Female,amelia.wilson.row0725@gmail.com,19527047186,Canada,Vancouver,29-06-2024,Frequent Buyer,₹800.00,Cap (₹800.00),₹11900.00
CUST00617,ORD648442,Oliver Rodriguez,29,Male,oliver.rodriguez.row0941@gmail.com,6.54503E+11,Singapore,Singapore,12-08-2025,Frequent Buyer,₹7200.00,Winter Coat (₹7200.00),₹79200.00
CUST00618,ORD748288,Vihaan Mehra,20,Male,vihaan.mehra.row0480@gmail.com,9.19223E+11,India,Chennai,03-08-2025,Frequent Buyer,₹11300.00,"Bomber Jacket (₹4800.00), Loafers (₹3200.00), White T-Shirt (₹900.00), Hoodie (₹2400.00)",₹64100.00
CUST00619,ORD792509,Alex Brown,59,Male,alex.brown.row0568@gmail.com,12027692712,Canada,Toronto,02-11-2025,High Value,₹6900.00,"Hoodie (₹2400.00), Running Shoes (₹4500.00)",₹142500.00
CUST00620,ORD663918,Oliver Davis,38,Male,oliver.davis.row0718@gmail.com,9.71692E+12,UAE,Dubai,29-05-2026,VIP,₹2200.00,Slim Fit Jeans (₹2200.00),₹8300.00
CUST00621,ORD708848,Amit Sharma,23,Male,amit.sharma.row0409@gmail.com,9.15959E+11,India,Hyderabad,09-02-2026,Frequent Buyer,₹2500.00,"Wallet (₹1800.00), Scarf (₹700.00)",₹96000.00
CUST00622,ORD262692,Mary Garcia,41,Female,mary.garcia.row0591@gmail.com,5.58259E+11,Brazil,Sao Paulo,29-07-2024,VIP,₹7000.00,"Slim Fit Jeans (₹2200.00), Bomber Jacket (₹4800.00)",₹89500.00
CUST00623,ORD314192,Amelia Garcia,15,Female,amelia.garcia.row0701@gmail.com,9.71934E+12,UAE,Dubai,15-10-2025,Frequent Buyer,₹1800.00,Wallet (₹1800.00),₹51700.00
CUST00624,ORD909709,Ava Martinez,22,Female,ava.martinez.row0686@gmail.com,4.9302E+11,Germany,Berlin,28-11-2025,Discount Seeker,₹17400.00,"Winter Coat (₹7200.00), Running Shoes (₹4500.00), Black Denim Jeans (₹2500.00), Blue Denim Jacket (₹3200.00)",₹144400.00
CUST00625,ORD504040,Pari Nair,39,Female,pari.nair.row0389@gmail.com,9.15407E+11,India,Mumbai,01-10-2024,Discount Seeker,₹1500.00,"Scarf (₹700.00), Cap (₹800.00)",₹44000.00
CUST00626,ORD293151,Aadhya Rao,15,Female,aadhya.rao.row0437@gmail.com,9.19507E+11,India,Pune,28-05-2025,Churn Risk,₹7600.00,"Formal Shirt (₹2200.00), Running Shoes (₹4500.00), White T-Shirt (₹900.00)",₹34900.00
CUST00627,ORD580250,Aditya Sharma,24,Male,aditya.sharma.row0018@gmail.com,9.11087E+11,India,Delhi,21-01-2024,Churn Risk,₹10900.00,"Running Shoes (₹4500.00), White T-Shirt (₹900.00), Bomber Jacket (₹4800.00), Scarf (₹700.00)",₹56900.00
CUST00628,ORD811721,David Smith,23,Male,david.smith.row0911@gmail.com,6.5901E+11,Singapore,Singapore,03-06-2025,Discount Seeker,₹9200.00,"Leather Belt (₹1200.00), Bomber Jacket (₹4800.00), Blue Denim Jacket (₹3200.00)",₹100800.00
CUST00629,ORD534759,John Rodriguez,17,Male,john.rodriguez.row0877@gmail.com,6.53536E+11,Singapore,Singapore,22-07-2024,Loyal Customer,₹14500.00,"Winter Coat (₹7200.00), Bomber Jacket (₹4800.00), Black Denim Jeans (₹2500.00)",₹93000.00
CUST00630,ORD927608,Oliver Brown,38,Male,oliver.brown.row0959@gmail.com,4.95244E+11,Germany,Hamburg,27-01-2025,Churn Risk,₹5700.00,"Bomber Jacket (₹4800.00), White T-Shirt (₹900.00)",₹41400.00
CUST00631,ORD878168,Aditya Das,17,Male,aditya.das.row0361@gmail.com,9.11743E+11,India,Mumbai,04-06-2026,High Value,₹4800.00,Bomber Jacket (₹4800.00),₹8000.00
CUST00632,ORD451210,Sarah Rodriguez,35,Female,sarah.rodriguez.row0802@gmail.com,2.74185E+11,South Africa,Johannesburg,13-01-2024,VIP,₹7450.00,"Slim Fit Jeans (₹2200.00), Wallet (₹1800.00), Black Denim Jeans (₹2500.00), Black T-Shirt (₹950.00)",₹114250.00
CUST00633,ORD517846,James Jones,17,Male,james.jones.row1012@gmail.com,14503335684,USA,Chicago,31-01-2024,VIP,₹5700.00,"Sneakers (₹3500.00), Slim Fit Jeans (₹2200.00)",₹9800.00
CUST00634,ORD202383,Oliver Williams,38,Male,oliver.williams.row0938@gmail.com,3.31769E+11,France,Paris,08-03-2024,Loyal Customer,₹2400.00,Hoodie (₹2400.00),₹111200.00
CUST00635,ORD762137,Jane Garcia,47,Female,jane.garcia.row0899@gmail.com,15176825275,USA,Chicago,24-06-2024,High Value,₹7000.00,"Bomber Jacket (₹4800.00), Formal Shirt (₹2200.00)",₹44000.00
CUST00636,ORD650871,Sunil Kumar,21,Male,sunil.kumar.row0127@gmail.com,9.18222E+11,India,Chennai,21-12-2025,Trendsetter,₹6000.00,"Wallet (₹1800.00), Cap (₹800.00), Slim Fit Jeans (₹2200.00), Leather Belt (₹1200.00)",₹93200.00
CUST00637,ORD304125,Krishna Pillai,33,Male,krishna.pillai.row0245@gmail.com,9.16347E+11,India,Pune,09-08-2024,High Value,₹1200.00,Leather Belt (₹1200.00),₹120600.00
CUST00638,ORD361426,John Williams,34,Male,john.williams.row0958@gmail.com,15086394873,Canada,Montreal,07-03-2026,Trendsetter,₹700.00,Scarf (₹700.00),₹31700.00
CUST00639,ORD846261,Ishaan Sharma,31,Male,ishaan.sharma.row0399@gmail.com,91575590276,India,Delhi,02-07-2025,VIP,₹7750.00,"Leather Belt (₹1200.00), Bomber Jacket (₹4800.00), Black T-Shirt (₹950.00), Cap (₹800.00)",₹29450.00
CUST00640,ORD885902,Liam Garcia,19,Male,liam.garcia.row0871@gmail.com,2.75007E+11,South Africa,Cape Town,14-01-2025,Churn Risk,₹2200.00,Formal Shirt (₹2200.00),₹115000.00
CUST00641,ORD138028,Sanjay Kumar,26,Male,sanjay.kumar.row0173@gmail.com,9.17789E+11,India,Mumbai,26-04-2024,VIP,₹4700.00,"Slim Fit Jeans (₹2200.00), Black Denim Jeans (₹2500.00)",₹64800.00
CUST00642,ORD219959,Amit Singh,32,Male,amit.singh.row0101@gmail.com,9.14175E+11,India,Bengaluru,28-08-2024,VIP,₹7300.00,"White T-Shirt (₹900.00), Blue Denim Jacket (₹3200.00), Loafers (₹3200.00)",₹145500.00
CUST00643,ORD945926,Rahul Gupta,30,Male,rahul.gupta.row0308@gmail.com,9.1492E+11,India,Delhi,28-02-2026,Loyal Customer,₹1200.00,Leather Belt (₹1200.00),₹35700.00
CUST00644,ORD195109,John Martinez,54,Male,john.martinez.row0819@gmail.com,3.32936E+11,France,Lyon,04-03-2026,VIP,₹14850.00,"Winter Coat (₹7200.00), Running Shoes (₹4500.00), Black T-Shirt (₹950.00), Slim Fit Jeans (₹2200.00)",₹51850.00
CUST00645,ORD744249,Rajesh Verma,22,Male,rajesh.verma.row0410@gmail.com,9.19165E+11,India,Delhi,20-03-2026,High Value,₹2000.00,"Leather Belt (₹1200.00), Cap (₹800.00)",₹123800.00
CUST00646,ORD903643,Sai Sharma,25,Male,sai.sharma.row0352@gmail.com,9.1946E+11,India,Hyderabad,30-09-2025,High Value,₹12200.00,"Winter Coat (₹7200.00), Blue Denim Jacket (₹3200.00), Wallet (₹1800.00)",₹48000.00
CUST00647,ORD701777,Vijay Patel,21,Male,vijay.patel.row0491@gmail.com,9.18637E+11,India,Mumbai,21-09-2024,Trendsetter,₹3200.00,Loafers (₹3200.00),₹105800.00
CUST00648,ORD481253,Anil Sharma,50,Male,anil.sharma.row0048@gmail.com,9.19636E+11,India,Hyderabad,04-06-2026,Loyal Customer,₹4300.00,"Black Denim Jeans (₹2500.00), Wallet (₹1800.00)",₹44500.00
CUST00649,ORD718484,Reyansh Singh,16,Male,reyansh.singh.row0500@gmail.com,9.14617E+11,India,Pune,16-07-2025,Trendsetter,₹3500.00,Sneakers (₹3500.00),₹129600.00
CUST00650,ORD212661,Vivaan Das,48,Male,vivaan.das.row0209@gmail.com,9.15434E+11,India,Pune,05-12-2025,Frequent Buyer,₹11100.00,"Loafers (₹3200.00), Slim Fit Jeans (₹2200.00), Leather Belt (₹1200.00), Running Shoes (₹4500.00)",₹139000.00
CUST00651,ORD457933,Liam Thomas,35,Male,liam.thomas.row0632@gmail.com,2.74711E+11,South Africa,Cape Town,24-01-2026,High Value,₹16300.00,"Formal Shirt (₹2200.00), Winter Coat (₹7200.00), Hoodie (₹2400.00), Running Shoes (₹4500.00)",₹154200.00
CUST00652,ORD348599,Aadhya Kumar,40,Female,aadhya.kumar.row0073@gmail.com,9.18061E+11,India,Mumbai,07-07-2025,Churn Risk,₹4800.00,Bomber Jacket (₹4800.00),₹66300.00
CUST00653,ORD423980,Amelia Rodriguez,23,Female,amelia.rodriguez.row0668@gmail.com,17015998365,USA,Chicago,06-11-2025,VIP,₹10500.00,"Formal Shirt (₹2200.00), Bomber Jacket (₹4800.00), Sneakers (₹3500.00)",₹103100.00
CUST00654,ORD165361,Michael Miller,27,Male,michael.miller.row0893@gmail.com,1777380863,Canada,Vancouver,17-03-2026,Discount Seeker,₹5000.00,"Blue Denim Jacket (₹3200.00), Wallet (₹1800.00)",₹52900.00
CUST00655,ORD442733,Riya Patel,24,Female,riya.patel.row0516@gmail.com,9.1164E+11,India,Hyderabad,21-06-2024,Frequent Buyer,₹4500.00,Running Shoes (₹4500.00),₹138800.00
CUST00656,ORD323201,Jessica Brown,43,Female,jessica.brown.row0988@gmail.com,65129012279,Singapore,Singapore,11-03-2025,Loyal Customer,₹10200.00,"Bomber Jacket (₹4800.00), Formal Shirt (₹2200.00), Loafers (₹3200.00)",₹34700.00
CUST00657,ORD934281,Rajesh Kumar,37,Male,rajesh.kumar.row0071@gmail.com,9.1528E+11,India,Hyderabad,03-09-2025,Churn Risk,₹4800.00,Bomber Jacket (₹4800.00),₹111000.00
CUST00658,ORD821088,Michael Garcia,38,Male,michael.garcia.row0571@gmail.com,4.91936E+11,Germany,Hamburg,16-05-2026,Discount Seeker,₹3450.00,"Black Denim Jeans (₹2500.00), Black T-Shirt (₹950.00)",₹86650.00
CUST00659,ORD840135,Vihaan Kumar,17,Male,vihaan.kumar.row0487@gmail.com,91582856506,India,Delhi,02-09-2025,VIP,₹3500.00,Sneakers (₹3500.00),₹96600.00
CUST00660,ORD845305,Rahul Mishra,28,Male,rahul.mishra.row0241@gmail.com,9.12216E+11,India,Bengaluru,13-02-2026,Frequent Buyer,₹9100.00,"Black Denim Jeans (₹2500.00), White T-Shirt (₹900.00), Formal Shirt (₹2200.00), Sneakers (₹3500.00)",₹45800.00
CUST00661,ORD881992,Jane Thomas,24,Female,jane.thomas.row0539@gmail.com,17587750221,USA,Chicago,25-03-2025,Churn Risk,₹4900.00,"Hoodie (₹2400.00), Black Denim Jeans (₹2500.00)",₹58100.00
CUST00662,ORD123583,John Miller,43,Male,john.miller.row0881@gmail.com,2.7341E+11,South Africa,Johannesburg,30-05-2024,Frequent Buyer,₹12200.00,"Scarf (₹700.00), Black Denim Jeans (₹2500.00), Winter Coat (₹7200.00), Wallet (₹1800.00)",₹89600.00
CUST00663,ORD888922,Amit Mishra,56,Male,amit.mishra.row0014@gmail.com,9.18503E+11,India,Chennai,24-11-2025,Trendsetter,₹5150.00,"Black T-Shirt (₹950.00), Hoodie (₹2400.00), Wallet (₹1800.00)",₹76750.00
CUST00664,ORD403654,Emma Jones,18,Female,emma.jones.row0688@gmail.com,4.46676E+11,UK,Manchester,09-09-2024,Frequent Buyer,₹5750.00,"Black T-Shirt (₹950.00), Bomber Jacket (₹4800.00)",₹22150.00
CUST00665,ORD891003,Mary Williams,22,Female,mary.williams.row0579@gmail.com,3.34105E+11,France,Paris,28-08-2025,Loyal Customer,₹4600.00,"White T-Shirt (₹900.00), Black Denim Jeans (₹2500.00), Leather Belt (₹1200.00)",₹13900.00
CUST00666,ORD233398,Sarah Taylor,21,Female,sarah.taylor.row0898@gmail.com,55460653845,Brazil,Rio de Janeiro,07-05-2025,VIP,₹16000.00,"Slim Fit Jeans (₹2200.00), Bomber Jacket (₹4800.00), Winter Coat (₹7200.00), Wallet (₹1800.00)",₹125100.00
CUST00667,ORD813781,Vivaan Banerjee,26,Male,vivaan.banerjee.row0088@gmail.com,9.11663E+11,India,Chennai,27-03-2024,VIP,₹12600.00,"Bomber Jacket (₹4800.00), Running Shoes (₹4500.00), White T-Shirt (₹900.00), Hoodie (₹2400.00)",₹46200.00
CUST00668,ORD808222,John Anderson,39,Male,john.anderson.row0847@gmail.com,16171282175,USA,Houston,26-06-2024,High Value,₹6550.00,"Bomber Jacket (₹4800.00), Cap (₹800.00), Black T-Shirt (₹950.00)",₹10450.00
CUST00669,ORD642399,Emma Miller,43,Female,emma.miller.row0530@gmail.com,3.39103E+11,France,Marseille,01-07-2024,Trendsetter,₹3400.00,"Black Denim Jeans (₹2500.00), White T-Shirt (₹900.00)",₹44000.00
CUST00670,ORD155030,Arjun Das,30,Male,arjun.das.row0221@gmail.com,9.17991E+11,India,Mumbai,28-11-2025,High Value,₹7600.00,"Scarf (₹700.00), Running Shoes (₹4500.00), Hoodie (₹2400.00)",₹119200.00
CUST00671,ORD381040,James Rodriguez,49,Male,james.rodriguez.row1030@gmail.com,6.18756E+11,Australia,Sydney,26-08-2024,High Value,₹12150.00,"Running Shoes (₹4500.00), Black T-Shirt (₹950.00), Loafers (₹3200.00), Sneakers (₹3500.00)",₹101850.00
CUST00672,ORD854484,Alex Brown,31,Male,alex.brown.row0862@gmail.com,9.71404E+12,UAE,Abu Dhabi,21-12-2024,Frequent Buyer,₹3200.00,Blue Denim Jacket (₹3200.00),₹38300.00
CUST00673,ORD362273,Amit Pillai,32,Male,amit.pillai.row0466@gmail.com,9.14551E+11,India,Mumbai,13-03-2024,Loyal Customer,₹7950.00,"Scarf (₹700.00), Wallet (₹1800.00), Running Shoes (₹4500.00), Black T-Shirt (₹950.00)",₹33650.00
CUST00674,ORD938358,Ava Miller,28,Female,ava.miller.row0908@gmail.com,19071957300,USA,Los Angeles,20-01-2024,Trendsetter,₹4550.00,"Black T-Shirt (₹950.00), Hoodie (₹2400.00), Leather Belt (₹1200.00)",₹126750.00
CUST00675,ORD118785,Jane Martinez,15,Female,jane.martinez.row0687@gmail.com,18996949806,Canada,Montreal,11-08-2024,Trendsetter,₹12400.00,"Scarf (₹700.00), Running Shoes (₹4500.00), Winter Coat (₹7200.00)",₹85300.00
CUST00676,ORD984979,Ava Brown,36,Female,ava.brown.row0924@gmail.com,6.1445E+11,Australia,Brisbane,08-01-2024,Churn Risk,₹3200.00,Loafers (₹3200.00),₹20500.00
CUST00677,ORD407491,Jane Wilson,30,Female,jane.wilson.row0939@gmail.com,18834540535,USA,Houston,29-07-2024,High Value,₹10700.00,"Sneakers (₹3500.00), Winter Coat (₹7200.00)",₹36000.00
CUST00678,ORD938005,Krishna Mishra,25,Male,krishna.mishra.row0427@gmail.com,9.15971E+11,India,Delhi,23-03-2024,Frequent Buyer,₹1200.00,Leather Belt (₹1200.00),₹104200.00
CUST00679,ORD379348,Rohan Singh,23,Male,rohan.singh.row0042@gmail.com,9.17777E+11,India,Hyderabad,16-11-2024,Trendsetter,₹8300.00,"Cap (₹800.00), Sneakers (₹3500.00), Formal Shirt (₹2200.00), Wallet (₹1800.00)",₹89600.00
CUST00680,ORD635484,James Jones,42,Male,james.jones.row0630@gmail.com,2.7841E+11,South Africa,Johannesburg,16-02-2024,High Value,₹4200.00,"Wallet (₹1800.00), Hoodie (₹2400.00)",₹86200.00
CUST00681,ORD855375,Emily Wilson,41,Female,emily.wilson.row0597@gmail.com,19609481991,USA,Los Angeles,30-05-2026,VIP,₹13600.00,"Loafers (₹3200.00), Blue Denim Jacket (₹3200.00), Winter Coat (₹7200.00)",₹68900.00
CUST00682,ORD369075,Aarav Rao,37,Male,aarav.rao.row0102@gmail.com,9.11481E+11,India,Chennai,16-09-2024,Discount Seeker,₹6200.00,"Blue Denim Jacket (₹3200.00), Cap (₹800.00), Slim Fit Jeans (₹2200.00)",₹39900.00
CUST00683,ORD224794,Emma Martinez,36,Female,emma.martinez.row1028@gmail.com,6.57728E+11,Singapore,Singapore,02-10-2024,Trendsetter,₹5600.00,"Hoodie (₹2400.00), Blue Denim Jacket (₹3200.00)",₹118100.00
CUST00684,ORD146522,Sarah Martinez,42,Female,sarah.martinez.row0797@gmail.com,9.7188E+11,UAE,Dubai,10-04-2024,Churn Risk,₹9700.00,"Cap (₹800.00), Sneakers (₹3500.00), Formal Shirt (₹2200.00), Loafers (₹3200.00)",₹127000.00
CUST00685,ORD244320,Rahul Reddy,18,Male,rahul.reddy.row0240@gmail.com,9.18353E+11,India,Mumbai,06-02-2025,Frequent Buyer,₹1600.00,"White T-Shirt (₹900.00), Scarf (₹700.00)",₹51000.00
CUST00686,ORD142735,Diya Rao,35,Female,diya.rao.row0193@gmail.com,9.19564E+11,India,Bengaluru,25-11-2025,Churn Risk,₹1750.00,"Black T-Shirt (₹950.00), Cap (₹800.00)",₹53950.00
CUST00687,ORD479807,Arjun Mehra,36,Male,arjun.mehra.row0255@gmail.com,9.14054E+11,India,Chennai,26-04-2024,Frequent Buyer,₹4500.00,Running Shoes (₹4500.00),₹119700.00
CUST00688,ORD218314,Aadhya Singh,29,Female,aadhya.singh.row0298@gmail.com,9.1524E+11,India,Hyderabad,05-10-2024,Trendsetter,₹3500.00,Sneakers (₹3500.00),₹11800.00
CUST00689,ORD141690,Ava Martinez,26,Female,ava.martinez.row0705@gmail.com,3.34831E+11,France,Paris,24-01-2024,Loyal Customer,₹5700.00,"Bomber Jacket (₹4800.00), White T-Shirt (₹900.00)",₹94800.00
CUST00690,ORD789144,Ananya Mishra,45,Female,ananya.mishra.row0087@gmail.com,9.18339E+11,India,Delhi,15-02-2024,High Value,₹11600.00,"Scarf (₹700.00), Winter Coat (₹7200.00), Leather Belt (₹1200.00), Black Denim Jeans (₹2500.00)",₹97400.00
CUST00691,ORD523664,Ananya Shah,50,Female,ananya.shah.row0415@gmail.com,9.18743E+11,India,Mumbai,26-02-2024,High Value,₹7200.00,Winter Coat (₹7200.00),₹130600.00
CUST00692,ORD487734,Michael Davis,50,Male,michael.davis.row0781@gmail.com,4.98861E+11,Germany,Hamburg,08-03-2025,VIP,₹7200.00,Winter Coat (₹7200.00),₹53200.00
CUST00693,ORD791715,Lucas Garcia,39,Male,lucas.garcia.row0550@gmail.com,6.13606E+11,Australia,Sydney,31-07-2025,Trendsetter,₹5000.00,"Scarf (₹700.00), Black Denim Jeans (₹2500.00), Wallet (₹1800.00)",₹102400.00
CUST00694,ORD690354,Amelia Garcia,48,Female,amelia.garcia.row0889@gmail.com,19979453160,USA,Houston,09-08-2024,Discount Seeker,₹9600.00,"Winter Coat (₹7200.00), Hoodie (₹2400.00)",₹130100.00
CUST00695,ORD497538,Alex Thomas,50,Male,alex.thomas.row0529@gmail.com,14152524334,USA,Los Angeles,24-07-2025,VIP,₹700.00,Scarf (₹700.00),₹25100.00
CUST00696,ORD813305,Liam Johnson,41,Male,liam.johnson.row0775@gmail.com,4.96076E+11,Germany,Hamburg,24-06-2025,Frequent Buyer,₹6900.00,"Scarf (₹700.00), Sneakers (₹3500.00), White T-Shirt (₹900.00), Wallet (₹1800.00)",₹95900.00
CUST00697,ORD894728,Vijay Das,54,Male,vijay.das.row0444@gmail.com,9.11049E+11,India,Bengaluru,06-03-2025,Frequent Buyer,₹11100.00,"Bomber Jacket (₹4800.00), Running Shoes (₹4500.00), Wallet (₹1800.00)",₹142200.00
CUST00698,ORD378809,Jane Wilson,29,Female,jane.wilson.row0846@gmail.com,4.442E+11,UK,London,14-02-2024,Churn Risk,₹5800.00,"Slim Fit Jeans (₹2200.00), Hoodie (₹2400.00), Leather Belt (₹1200.00)",₹8300.00
CUST00699,ORD557758,James Taylor,31,Male,james.taylor.row0788@gmail.com,55994264865,Brazil,Rio de Janeiro,08-06-2026,VIP,₹7000.00,"Slim Fit Jeans (₹2200.00), Bomber Jacket (₹4800.00)",₹93700.00
CUST00700,ORD506744,Krishna Mehra,44,Male,krishna.mehra.row0249@gmail.com,9.19247E+11,India,Mumbai,18-11-2025,VIP,₹7700.00,"Leather Belt (₹1200.00), Loafers (₹3200.00), Cap (₹800.00), Black Denim Jeans (₹2500.00)",₹74300.00
CUST00701,ORD692676,Jessica Martinez,55,Female,jessica.martinez.row0598@gmail.com,6.52506E+11,Singapore,Singapore,04-11-2024,VIP,₹8800.00,"Slim Fit Jeans (₹2200.00), Wallet (₹1800.00), Bomber Jacket (₹4800.00)",₹66900.00
CUST00702,ORD509253,Alex Smith,27,Male,alex.smith.row0779@gmail.com,6.52196E+11,Singapore,Singapore,29-10-2024,High Value,₹6500.00,"Formal Shirt (₹2200.00), Sneakers (₹3500.00), Cap (₹800.00)",₹9500.00
CUST00703,ORD624982,Jane Martinez,60,Female,jane.martinez.row0798@gmail.com,9.71515E+12,UAE,Abu Dhabi,05-12-2025,Trendsetter,₹8200.00,"Bomber Jacket (₹4800.00), Leather Belt (₹1200.00), Formal Shirt (₹2200.00)",₹64900.00
CUST00704,ORD262630,Emily Garcia,35,Female,emily.garcia.row0848@gmail.com,16051711041,Canada,Toronto,14-03-2025,Loyal Customer,₹7000.00,"Black Denim Jeans (₹2500.00), Running Shoes (₹4500.00)",₹32500.00
CUST00705,ORD173517,Aditya Mukherjee,24,Male,aditya.mukherjee.row0275@gmail.com,9.16708E+11,India,Chennai,25-07-2025,Discount Seeker,₹6600.00,"White T-Shirt (₹900.00), Loafers (₹3200.00), Black Denim Jeans (₹2500.00)",₹56400.00
CUST00706,ORD280804,Alex Davis,21,Male,alex.davis.row1005@gmail.com,8.14167E+11,Japan,Kyoto,10-08-2025,High Value,₹700.00,Scarf (₹700.00),₹115800.00
CUST00707,ORD849082,Diya Iyer,18,Female,diya.iyer.row0329@gmail.com,91707773324,India,Bengaluru,15-02-2024,Discount Seeker,₹8000.00,"Loafers (₹3200.00), Bomber Jacket (₹4800.00)",₹11800.00
CUST00708,ORD728324,Rohan Rao,28,Male,rohan.rao.row0378@gmail.com,9.11061E+11,India,Hyderabad,24-08-2024,Trendsetter,₹2900.00,"Cap (₹800.00), White T-Shirt (₹900.00), Leather Belt (₹1200.00)",₹109700.00
CUST00709,ORD714413,Emily Garcia,34,Female,emily.garcia.row1014@gmail.com,9.71131E+12,UAE,Abu Dhabi,10-05-2024,Loyal Customer,₹10100.00,"Formal Shirt (₹2200.00), Sneakers (₹3500.00), Blue Denim Jacket (₹3200.00), Leather Belt (₹1200.00)",₹129500.00
CUST00710,ORD310742,Rajesh Rao,36,Male,rajesh.rao.row0503@gmail.com,9.11999E+11,India,Mumbai,20-08-2025,VIP,₹7700.00,"Running Shoes (₹4500.00), Black Denim Jeans (₹2500.00), Scarf (₹700.00)",₹79700.00
CUST00711,ORD154466,Sarah Thomas,32,Female,sarah.thomas.row0976@gmail.com,15185984793,USA,Chicago,24-01-2024,Frequent Buyer,₹5700.00,"Formal Shirt (₹2200.00), Sneakers (₹3500.00)",₹76000.00
CUST00712,ORD686340,Lucas Smith,27,Male,lucas.smith.row0560@gmail.com,6.535E+11,Singapore,Singapore,06-03-2025,Discount Seeker,₹2400.00,Hoodie (₹2400.00),₹34900.00
CUST00713,ORD599558,James Martinez,43,Male,james.martinez.row0671@gmail.com,6.12728E+11,Australia,Melbourne,04-03-2024,Trendsetter,₹15200.00,"Winter Coat (₹7200.00), Sneakers (₹3500.00), Running Shoes (₹4500.00)",₹136500.00
CUST00714,ORD828701,Amelia Johnson,48,Female,amelia.johnson.row0592@gmail.com,9.71769E+12,UAE,Dubai,13-03-2024,Discount Seeker,₹10400.00,"Winter Coat (₹7200.00), Blue Denim Jacket (₹3200.00)",₹58900.00
CUST00715,ORD196636,Vijay Chatterjee,40,Male,vijay.chatterjee.row0083@gmail.com,9.16758E+11,India,Bengaluru,30-03-2024,VIP,₹16500.00,"Winter Coat (₹7200.00), Bomber Jacket (₹4800.00), Running Shoes (₹4500.00)",₹104100.00
CUST00716,ORD211830,John Thomas,39,Male,john.thomas.row0606@gmail.com,6.55038E+11,Singapore,Singapore,06-06-2026,Trendsetter,₹5600.00,"Bomber Jacket (₹4800.00), Cap (₹800.00)",₹80000.00
CUST00717,ORD718353,Diya Mehra,41,Female,diya.mehra.row0495@gmail.com,9.13873E+11,India,Bengaluru,31-08-2025,Trendsetter,₹10300.00,"Bomber Jacket (₹4800.00), Formal Shirt (₹2200.00), White T-Shirt (₹900.00), Hoodie (₹2400.00)",₹18800.00
CUST00718,ORD719012,Shaurya Das,37,Male,shaurya.das.row0314@gmail.com,9.1719E+11,India,Bengaluru,26-02-2024,Frequent Buyer,₹17400.00,"Slim Fit Jeans (₹2200.00), Winter Coat (₹7200.00), Running Shoes (₹4500.00), Sneakers (₹3500.00)",₹142000.00
CUST00719,ORD245939,Vivaan Verma,23,Male,vivaan.verma.row0474@gmail.com,9.15836E+11,India,Chennai,27-09-2024,High Value,₹13450.00,"Loafers (₹3200.00), Black T-Shirt (₹950.00), Running Shoes (₹4500.00), Bomber Jacket (₹4800.00)",₹152150.00
CUST00720,ORD350551,Arjun Singh,38,Male,arjun.singh.row0412@gmail.com,9.15663E+11,India,Chennai,03-09-2024,Frequent Buyer,₹8900.00,"Blue Denim Jacket (₹3200.00), Bomber Jacket (₹4800.00), White T-Shirt (₹900.00)",₹108100.00
CUST00721,ORD317863,Jessica Rodriguez,21,Female,jessica.rodriguez.row0944@gmail.com,3.38597E+11,France,Marseille,30-09-2025,Frequent Buyer,₹8000.00,"Winter Coat (₹7200.00), Cap (₹800.00)",₹27300.00
CUST00722,ORD371095,Anika Shah,31,Female,anika.shah.row0150@gmail.com,91232602424,India,Bengaluru,29-09-2025,High Value,₹4600.00,"Formal Shirt (₹2200.00), Hoodie (₹2400.00)",₹72300.00
CUST00723,ORD510809,James Jones,22,Male,james.jones.row0804@gmail.com,9.71378E+12,UAE,Abu Dhabi,26-04-2024,High Value,₹7700.00,"Bomber Jacket (₹4800.00), Formal Shirt (₹2200.00), Scarf (₹700.00)",₹50700.00
CUST00724,ORD541582,Amit Joshi,38,Male,amit.joshi.row0223@gmail.com,9.19228E+11,India,Delhi,17-02-2026,VIP,₹2750.00,"Wallet (₹1800.00), Black T-Shirt (₹950.00)",₹13650.00
CUST00725,ORD652358,David Anderson,26,Male,david.anderson.row0996@gmail.com,6.15462E+11,Australia,Sydney,09-02-2026,Trendsetter,₹6600.00,"Blue Denim Jacket (₹3200.00), Leather Belt (₹1200.00), Formal Shirt (₹2200.00)",₹86700.00
CUST00726,ORD785258,James Johnson,20,Male,james.johnson.row0576@gmail.com,2.75336E+11,South Africa,Johannesburg,15-06-2025,Loyal Customer,₹3200.00,Blue Denim Jacket (₹3200.00),₹29000.00
CUST00727,ORD422201,Amit Gupta,36,Male,amit.gupta.row0233@gmail.com,91493385819,India,Chennai,21-07-2025,Trendsetter,₹10100.00,"Black Denim Jeans (₹2500.00), Scarf (₹700.00), Hoodie (₹2400.00), Running Shoes (₹4500.00)",₹67400.00
CUST00728,ORD249000,David Miller,26,Male,david.miller.row0879@gmail.com,2.75591E+11,South Africa,Johannesburg,18-11-2024,Churn Risk,₹700.00,Scarf (₹700.00),₹74700.00
CUST00729,ORD560014,Arjun Singh,51,Male,arjun.singh.row0317@gmail.com,9.17657E+11,India,Bengaluru,13-03-2025,Discount Seeker,₹8350.00,"Blue Denim Jacket (₹3200.00), Sneakers (₹3500.00), Black T-Shirt (₹950.00), Scarf (₹700.00)",₹114850.00
CUST00730,ORD229288,Rahul Nair,40,Male,rahul.nair.row0337@gmail.com,9.14961E+11,India,Delhi,23-02-2024,Loyal Customer,₹7200.00,"Bomber Jacket (₹4800.00), Hoodie (₹2400.00)",₹43200.00
CUST00731,ORD914073,Vijay Mehra,44,Male,vijay.mehra.row0032@gmail.com,9.13045E+11,India,Hyderabad,12-01-2026,Discount Seeker,₹6500.00,"Slim Fit Jeans (₹2200.00), Black Denim Jeans (₹2500.00), Wallet (₹1800.00)",₹133100.00
CUST00732,ORD668581,Jessica Smith,29,Female,jessica.smith.row0635@gmail.com,18649077810,USA,New York,03-01-2025,Trendsetter,₹2400.00,Hoodie (₹2400.00),₹11000.00
CUST00733,ORD755929,Emily Wilson,40,Female,emily.wilson.row0549@gmail.com,1235476211,USA,Los Angeles,08-02-2025,Churn Risk,₹7700.00,"Running Shoes (₹4500.00), Loafers (₹3200.00)",₹33800.00
CUST00734,ORD968841,Amelia Williams,18,Female,amelia.williams.row0601@gmail.com,4.42754E+11,UK,Birmingham,11-12-2025,Frequent Buyer,₹13700.00,"Sneakers (₹3500.00), Loafers (₹3200.00), Running Shoes (₹4500.00), Black Denim Jeans (₹2500.00)",₹57000.00
CUST00735,ORD831784,James Taylor,19,Male,james.taylor.row0825@gmail.com,3.36663E+11,France,Paris,10-09-2025,Loyal Customer,₹900.00,White T-Shirt (₹900.00),₹96300.00
CUST00736,ORD319092,Anil Mishra,21,Male,anil.mishra.row0385@gmail.com,9.16454E+11,India,Pune,09-11-2024,Churn Risk,₹8550.00,"Formal Shirt (₹2200.00), Black T-Shirt (₹950.00), Loafers (₹3200.00), Slim Fit Jeans (₹2200.00)",₹115250.00
CUST00737,ORD186483,Jane Smith,33,Female,jane.smith.row0805@gmail.com,15177284627,Canada,Montreal,22-06-2025,VIP,₹3500.00,Sneakers (₹3500.00),₹23800.00
CUST00738,ORD842834,Anika Joshi,37,Female,anika.joshi.row0118@gmail.com,9.12191E+11,India,Chennai,10-01-2024,Frequent Buyer,₹4400.00,"Loafers (₹3200.00), Leather Belt (₹1200.00)",₹45300.00
CUST00739,ORD708766,Rajesh Verma,38,Male,rajesh.verma.row0258@gmail.com,9.13278E+11,India,Bengaluru,07-07-2024,Loyal Customer,₹3000.00,"Leather Belt (₹1200.00), Wallet (₹1800.00)",₹12700.00
CUST00740,ORD713285,Oliver Jones,46,Male,oliver.jones.row1025@gmail.com,8.11336E+11,Japan,Kyoto,06-01-2025,Churn Risk,₹4500.00,Running Shoes (₹4500.00),₹81200.00
CUST00741,ORD587094,Sanjay Bose,35,Male,sanjay.bose.row0502@gmail.com,9.13874E+11,India,Chennai,24-01-2026,Frequent Buyer,₹7700.00,"Scarf (₹700.00), Bomber Jacket (₹4800.00), Formal Shirt (₹2200.00)",₹29300.00
CUST00742,ORD933485,Mary Wilson,18,Female,mary.wilson.row0974@gmail.com,19563852561,USA,New York,29-01-2024,Churn Risk,₹8450.00,"Formal Shirt (₹2200.00), Sneakers (₹3500.00), Wallet (₹1800.00), Black T-Shirt (₹950.00)",₹65850.00
CUST00743,ORD106965,Sanjay Verma,18,Male,sanjay.verma.row0074@gmail.com,9.15294E+11,India,Chennai,22-09-2024,Loyal Customer,₹10700.00,"Cap (₹800.00), Formal Shirt (₹2200.00), Running Shoes (₹4500.00), Blue Denim Jacket (₹3200.00)",₹85400.00
CUST00744,ORD670485,Emma Taylor,38,Female,emma.taylor.row0759@gmail.com,65673090329,Singapore,Singapore,16-02-2024,Frequent Buyer,₹5650.00,"Black T-Shirt (₹950.00), Leather Belt (₹1200.00), Sneakers (₹3500.00)",₹74950.00
CUST00745,ORD243186,Prisha Reddy,32,Female,prisha.reddy.row0371@gmail.com,9.13614E+11,India,Chennai,17-07-2025,Discount Seeker,₹6900.00,"Hoodie (₹2400.00), Running Shoes (₹4500.00)",₹54000.00
CUST00746,ORD480489,Ava Martinez,44,Female,ava.martinez.row1029@gmail.com,4.93042E+11,Germany,Berlin,10-03-2024,High Value,₹7200.00,"Sneakers (₹3500.00), Black Denim Jeans (₹2500.00), Leather Belt (₹1200.00)",₹76200.00
CUST00747,ORD130761,Ishaan Gupta,46,Male,ishaan.gupta.row0190@gmail.com,9.15691E+11,India,Bengaluru,22-09-2025,Loyal Customer,₹9250.00,"Black T-Shirt (₹950.00), Bomber Jacket (₹4800.00), Sneakers (₹3500.00)",₹105450.00
CUST00748,ORD416270,John Martinez,33,Male,john.martinez.row0672@gmail.com,3.39349E+11,France,Marseille,11-03-2026,Trendsetter,₹6500.00,"Wallet (₹1800.00), Scarf (₹700.00), Blue Denim Jacket (₹3200.00), Cap (₹800.00)",₹104500.00
CUST00749,ORD583901,Emily Johnson,34,Female,emily.johnson.row0946@gmail.com,4.94691E+11,Germany,Hamburg,17-12-2024,Loyal Customer,₹700.00,Scarf (₹700.00),₹57400.00
CUST00750,ORD968175,Vivaan Shah,22,Male,vivaan.shah.row0493@gmail.com,9.16439E+11,India,Delhi,12-02-2025,Churn Risk,₹7650.00,"Running Shoes (₹4500.00), Slim Fit Jeans (₹2200.00), Black T-Shirt (₹950.00)",₹42950.00
CUST00751,ORD983129,Sai Patel,27,Male,sai.patel.row0461@gmail.com,9.16463E+11,India,Chennai,28-07-2025,Loyal Customer,₹5500.00,"Sneakers (₹3500.00), Leather Belt (₹1200.00), Cap (₹800.00)",₹110100.00
CUST00752,ORD619606,Diya Bose,41,Female,diya.bose.row0440@gmail.com,9.11285E+11,India,Pune,30-01-2026,Loyal Customer,₹7150.00,"Slim Fit Jeans (₹2200.00), Cap (₹800.00), Blue Denim Jacket (₹3200.00), Black T-Shirt (₹950.00)",₹19150.00
CUST00753,ORD521120,Riya Das,50,Female,riya.das.row0327@gmail.com,91761495525,India,Pune,18-02-2025,VIP,₹7800.00,"Sneakers (₹3500.00), Black Denim Jeans (₹2500.00), Wallet (₹1800.00)",₹43700.00
CUST00754,ORD569340,Sanjay Pillai,20,Male,sanjay.pillai.row0346@gmail.com,9.12088E+11,India,Delhi,11-02-2026,High Value,₹3000.00,"Wallet (₹1800.00), Leather Belt (₹1200.00)",₹45200.00
CUST00755,ORD735646,Lucas Miller,48,Male,lucas.miller.row0991@gmail.com,9.71375E+12,UAE,Dubai,20-06-2025,Trendsetter,₹2750.00,"Wallet (₹1800.00), Black T-Shirt (₹950.00)",₹89350.00
CUST00756,ORD525221,Mary Rodriguez,29,Female,mary.rodriguez.row0923@gmail.com,19102908978,USA,Los Angeles,13-02-2024,Churn Risk,₹3400.00,"White T-Shirt (₹900.00), Black Denim Jeans (₹2500.00)",₹131300.00
CUST00757,ORD725532,Oliver Johnson,21,Male,oliver.johnson.row0966@gmail.com,3.32995E+11,France,Marseille,26-01-2025,VIP,₹2900.00,"Scarf (₹700.00), Slim Fit Jeans (₹2200.00)",₹95000.00
CUST00758,ORD654028,Lucas Thomas,47,Male,lucas.thomas.row0750@gmail.com,81256588169,Japan,Osaka,20-05-2024,Discount Seeker,₹2150.00,"Leather Belt (₹1200.00), Black T-Shirt (₹950.00)",₹41150.00
CUST00759,ORD671133,Emily Taylor,22,Female,emily.taylor.row0595@gmail.com,9.71371E+12,UAE,Abu Dhabi,20-03-2024,Loyal Customer,₹7200.00,Winter Coat (₹7200.00),₹126800.00
CUST00760,ORD508857,Rohan Gupta,29,Male,rohan.gupta.row0375@gmail.com,9.15816E+11,India,Pune,19-01-2026,High Value,₹2200.00,Slim Fit Jeans (₹2200.00),₹45700.00
CUST00761,ORD288436,Sai Sharma,48,Male,sai.sharma.row0294@gmail.com,9.16632E+11,India,Pune,06-06-2024,Trendsetter,₹3500.00,Sneakers (₹3500.00),₹126300.00
CUST00762,ORD267392,Ishaan Reddy,34,Male,ishaan.reddy.row0263@gmail.com,9.12517E+11,India,Hyderabad,25-10-2024,Trendsetter,₹10800.00,"Black Denim Jeans (₹2500.00), Bomber Jacket (₹4800.00), Sneakers (₹3500.00)",₹25600.00
CUST00763,ORD297507,Lucas Anderson,31,Male,lucas.anderson.row0685@gmail.com,6.11461E+11,Australia,Sydney,22-02-2025,VIP,₹2200.00,Formal Shirt (₹2200.00),₹106400.00
CUST00764,ORD744845,Diya Banerjee,31,Female,diya.banerjee.row0208@gmail.com,9.17777E+11,India,Mumbai,30-07-2024,VIP,₹4800.00,Bomber Jacket (₹4800.00),₹29500.00
CUST00765,ORD983094,Anika Banerjee,20,Female,anika.banerjee.row0001@gmail.com,9.19666E+11,India,Pune,29-03-2025,Churn Risk,₹3200.00,Loafers (₹3200.00),₹133300.00
CUST00766,ORD554100,Michael Smith,15,Male,michael.smith.row0677@gmail.com,4.9186E+11,Germany,Berlin,12-12-2024,VIP,₹5700.00,"Bomber Jacket (₹4800.00), White T-Shirt (₹900.00)",₹83100.00
CUST00767,ORD761907,James Davis,45,Male,james.davis.row0554@gmail.com,5.55181E+11,Brazil,Rio de Janeiro,24-09-2025,VIP,₹9000.00,"Wallet (₹1800.00), Hoodie (₹2400.00), Bomber Jacket (₹4800.00)",₹142100.00
CUST00768,ORD488525,Vijay Chatterjee,29,Male,vijay.chatterjee.row0033@gmail.com,9.12792E+11,India,Bengaluru,12-07-2024,Loyal Customer,₹9500.00,"Running Shoes (₹4500.00), Wallet (₹1800.00), Blue Denim Jacket (₹3200.00)",₹18000.00
CUST00769,ORD771856,Ananya Joshi,38,Female,ananya.joshi.row0285@gmail.com,9.1824E+11,India,Hyderabad,13-06-2026,Frequent Buyer,₹3400.00,"Black Denim Jeans (₹2500.00), White T-Shirt (₹900.00)",₹123200.00
CUST00770,ORD376517,Amelia Johnson,33,Female,amelia.johnson.row0707@gmail.com,18831723820,Canada,Toronto,24-09-2024,Loyal Customer,₹3850.00,"Slim Fit Jeans (₹2200.00), Black T-Shirt (₹950.00), Scarf (₹700.00)",₹133750.00
CUST00771,ORD206668,Liam Miller,27,Male,liam.miller.row0581@gmail.com,4.97884E+11,Germany,Hamburg,19-05-2025,Discount Seeker,₹2500.00,Black Denim Jeans (₹2500.00),₹17900.00
CUST00772,ORD665765,Michael Wilson,41,Male,michael.wilson.row0865@gmail.com,9.7136E+12,UAE,Dubai,01-06-2026,High Value,₹2500.00,Black Denim Jeans (₹2500.00),₹9000.00
CUST00773,ORD281795,Amit Pillai,43,Male,amit.pillai.row0323@gmail.com,9.13421E+11,India,Delhi,04-12-2024,Frequent Buyer,₹12900.00,"Winter Coat (₹7200.00), Slim Fit Jeans (₹2200.00), Sneakers (₹3500.00)",₹148500.00
CUST00774,ORD863272,Ishaan Sharma,16,Male,ishaan.sharma.row0475@gmail.com,9.1325E+11,India,Mumbai,01-12-2024,Churn Risk,₹800.00,Cap (₹800.00),₹73600.00
CUST00775,ORD920683,Jessica Davis,32,Female,jessica.davis.row1011@gmail.com,19798742671,Canada,Toronto,17-08-2025,Churn Risk,₹5900.00,"Black Denim Jeans (₹2500.00), Slim Fit Jeans (₹2200.00), Leather Belt (₹1200.00)",₹138300.00
CUST00776,ORD664277,Sarah Brown,31,Female,sarah.brown.row0651@gmail.com,5.54091E+11,Brazil,Rio de Janeiro,20-06-2025,High Value,₹12400.00,"Black Denim Jeans (₹2500.00), Blue Denim Jacket (₹3200.00), Loafers (₹3200.00), Sneakers (₹3500.00)",₹60900.00
CUST00777,ORD669259,Jane Jones,16,Female,jane.jones.row0525@gmail.com,6.12106E+11,Australia,Melbourne,28-05-2025,High Value,₹6800.00,"Cap (₹800.00), Leather Belt (₹1200.00), Bomber Jacket (₹4800.00)",₹29300.00
CUST00778,ORD422370,Amit Bose,18,Male,amit.bose.row0301@gmail.com,9.18505E+11,India,Chennai,14-06-2025,High Value,₹2200.00,Slim Fit Jeans (₹2200.00),₹80700.00
CUST00779,ORD502893,Pari Gupta,47,Female,pari.gupta.row0397@gmail.com,9.13058E+11,India,Chennai,09-09-2024,VIP,₹9300.00,"Bomber Jacket (₹4800.00), Running Shoes (₹4500.00)",₹99800.00
CUST00780,ORD154197,Oliver Davis,22,Male,oliver.davis.row0690@gmail.com,8.18193E+11,Japan,Osaka,27-05-2026,High Value,₹5700.00,"Leather Belt (₹1200.00), Running Shoes (₹4500.00)",₹17300.00
CUST00781,ORD929035,Prisha Shah,47,Female,prisha.shah.row0178@gmail.com,9.19761E+11,India,Pune,23-08-2024,VIP,₹15150.00,"Formal Shirt (₹2200.00), Winter Coat (₹7200.00), Black T-Shirt (₹950.00), Bomber Jacket (₹4800.00)",₹43550.00
CUST00782,ORD182366,Rahul Sharma,56,Male,rahul.sharma.row0407@gmail.com,9.18857E+11,India,Pune,27-01-2026,Churn Risk,₹1200.00,Leather Belt (₹1200.00),₹86000.00
CUST00783,ORD206967,Jessica Taylor,33,Female,jessica.taylor.row0867@gmail.com,6.19716E+11,Australia,Melbourne,15-10-2024,Trendsetter,₹6600.00,"Loafers (₹3200.00), Leather Belt (₹1200.00), Slim Fit Jeans (₹2200.00)",₹57000.00
CUST00784,ORD125270,Amit Sharma,16,Male,amit.sharma.row0035@gmail.com,9.18834E+11,India,Pune,01-04-2025,VIP,₹1700.00,"Cap (₹800.00), White T-Shirt (₹900.00)",₹60500.00
CUST00785,ORD471943,Reyansh Mishra,49,Male,reyansh.mishra.row0239@gmail.com,9.16761E+11,India,Bengaluru,13-08-2025,Discount Seeker,₹7800.00,"Black Denim Jeans (₹2500.00), Cap (₹800.00), Running Shoes (₹4500.00)",₹56200.00
CUST00786,ORD106113,Jane Garcia,49,Female,jane.garcia.row0915@gmail.com,5.51777E+11,Brazil,Rio de Janeiro,11-04-2024,Loyal Customer,₹7200.00,Winter Coat (₹7200.00),₹26800.00
CUST00787,ORD120641,Alex Wilson,31,Male,alex.wilson.row0610@gmail.com,3.39527E+11,France,Marseille,15-07-2024,Churn Risk,₹3200.00,Blue Denim Jacket (₹3200.00),₹61800.00
CUST00788,ORD303810,Ava Miller,46,Female,ava.miller.row0912@gmail.com,11286316051,USA,Los Angeles,30-05-2026,Loyal Customer,₹13450.00,"Bomber Jacket (₹4800.00), Black T-Shirt (₹950.00), Running Shoes (₹4500.00), Blue Denim Jacket (₹3200.00)",₹24450.00
CUST00789,ORD454170,Emily Miller,49,Female,emily.miller.row0628@gmail.com,2.76154E+11,South Africa,Johannesburg,09-08-2025,High Value,₹700.00,Scarf (₹700.00),₹73700.00
CUST00790,ORD275418,David Jones,54,Male,david.jones.row1020@gmail.com,2.73695E+11,South Africa,Johannesburg,20-06-2024,Churn Risk,₹4700.00,"Slim Fit Jeans (₹2200.00), Black Denim Jeans (₹2500.00)",₹126400.00
CUST00791,ORD773132,Aadhya Iyer,22,Female,aadhya.iyer.row0007@gmail.com,9.18454E+11,India,Chennai,12-05-2026,VIP,₹9400.00,"Black Denim Jeans (₹2500.00), Hoodie (₹2400.00), Running Shoes (₹4500.00)",₹32000.00
CUST00792,ORD384814,Sunil Mehra,28,Male,sunil.mehra.row0130@gmail.com,9.12564E+11,India,Pune,09-05-2024,Frequent Buyer,₹6900.00,"Leather Belt (₹1200.00), Loafers (₹3200.00), Black Denim Jeans (₹2500.00)",₹110500.00
CUST00793,ORD844161,Anika Das,32,Female,anika.das.row0029@gmail.com,9.15802E+11,India,Hyderabad,09-05-2024,Churn Risk,₹2500.00,"Scarf (₹700.00), Wallet (₹1800.00)",₹134400.00
CUST00794,ORD847206,Jane Garcia,45,Female,jane.garcia.row0547@gmail.com,6.15136E+11,Australia,Brisbane,19-08-2025,Churn Risk,₹5600.00,"Bomber Jacket (₹4800.00), Cap (₹800.00)",₹105500.00
CUST00795,ORD946766,Vikram Mukherjee,33,Male,vikram.mukherjee.row0078@gmail.com,9.19995E+11,India,Bengaluru,06-02-2025,VIP,₹7900.00,"Black Denim Jeans (₹2500.00), Leather Belt (₹1200.00), Sneakers (₹3500.00), Scarf (₹700.00)",₹112000.00
CUST00796,ORD399314,Deepak Pillai,17,Male,deepak.pillai.row0430@gmail.com,9.11073E+11,India,Hyderabad,10-06-2024,Frequent Buyer,₹10100.00,"Winter Coat (₹7200.00), White T-Shirt (₹900.00), Leather Belt (₹1200.00), Cap (₹800.00)",₹19800.00
CUST00797,ORD878569,Pari Mishra,17,Female,pari.mishra.row0214@gmail.com,9.16983E+11,India,Chennai,01-06-2025,Discount Seeker,₹700.00,Scarf (₹700.00),₹106700.00
CUST00798,ORD561042,Jessica Anderson,42,Female,jessica.anderson.row0815@gmail.com,13935107823,Canada,Montreal,03-04-2026,Frequent Buyer,₹7200.00,Winter Coat (₹7200.00),₹21400.00
CUST00799,ORD835314,Michael Wilson,33,Male,michael.wilson.row0730@gmail.com,3.38013E+11,France,Paris,03-07-2025,Trendsetter,₹9600.00,"Hoodie (₹2400.00), Winter Coat (₹7200.00)",₹126300.00
CUST00800,ORD270950,Liam Thomas,27,Male,liam.thomas.row0737@gmail.com,9.7184E+12,UAE,Dubai,13-07-2025,Churn Risk,₹6100.00,"Black Denim Jeans (₹2500.00), Leather Belt (₹1200.00), Hoodie (₹2400.00)",₹139300.00
CUST00801,ORD712444,Prisha Singh,43,Female,prisha.singh.row0251@gmail.com,91142807629,India,Pune,14-11-2025,VIP,₹4600.00,"Hoodie (₹2400.00), Formal Shirt (₹2200.00)",₹109100.00
CUST00802,ORD740498,Mary Davis,28,Female,mary.davis.row0791@gmail.com,5.55053E+11,Brazil,Rio de Janeiro,09-11-2025,VIP,₹3300.00,"Black Denim Jeans (₹2500.00), Cap (₹800.00)",₹6200.00
CUST00803,ORD372754,Sunil Iyer,33,Male,sunil.iyer.row0380@gmail.com,9.13818E+11,India,Delhi,05-05-2026,Churn Risk,₹900.00,White T-Shirt (₹900.00),₹30200.00
CUST00804,ORD976777,Anika Reddy,47,Female,anika.reddy.row0423@gmail.com,9.12217E+11,India,Bengaluru,10-02-2026,High Value,₹700.00,Scarf (₹700.00),₹57900.00
CUST00805,ORD911494,Ishaan Rao,35,Male,ishaan.rao.row0030@gmail.com,9.14981E+11,India,Pune,04-12-2024,Churn Risk,₹900.00,White T-Shirt (₹900.00),₹112200.00
CUST00806,ORD268429,Ananya Das,27,Female,ananya.das.row0356@gmail.com,9.18027E+11,India,Bengaluru,09-04-2026,Loyal Customer,₹5600.00,"Loafers (₹3200.00), Hoodie (₹2400.00)",₹133700.00
CUST00807,ORD141593,Aditya Reddy,40,Male,aditya.reddy.row0483@gmail.com,9.19677E+11,India,Delhi,26-04-2025,VIP,₹11600.00,"Sneakers (₹3500.00), Bomber Jacket (₹4800.00), White T-Shirt (₹900.00), Hoodie (₹2400.00)",₹60500.00
CUST00808,ORD451884,Sarah Martinez,45,Female,sarah.martinez.row0596@gmail.com,3.33918E+11,France,Marseille,08-06-2025,High Value,₹6200.00,"Loafers (₹3200.00), Leather Belt (₹1200.00), Wallet (₹1800.00)",₹127400.00
CUST00809,ORD598549,Liam Miller,30,Male,liam.miller.row0936@gmail.com,6.12722E+11,Australia,Sydney,07-08-2025,VIP,₹5050.00,"White T-Shirt (₹900.00), Loafers (₹3200.00), Black T-Shirt (₹950.00)",₹64950.00
CUST00810,ORD851224,Sai Singh,36,Male,sai.singh.row0198@gmail.com,9.14615E+11,India,Hyderabad,26-05-2025,Frequent Buyer,₹3200.00,Loafers (₹3200.00),₹133800.00
CUST00811,ORD515723,Oliver Taylor,32,Male,oliver.taylor.row0557@gmail.com,8.13239E+11,Japan,Osaka,13-12-2024,Churn Risk,₹6250.00,"Black T-Shirt (₹950.00), Sneakers (₹3500.00), Wallet (₹1800.00)",₹99550.00
CUST00812,ORD452671,Aarav Pillai,48,Male,aarav.pillai.row0462@gmail.com,91247595023,India,Chennai,20-06-2025,Churn Risk,₹10100.00,"Cap (₹800.00), Running Shoes (₹4500.00), Bomber Jacket (₹4800.00)",₹75300.00
CUST00813,ORD209928,Michael Garcia,38,Male,michael.garcia.row0621@gmail.com,9.71656E+12,UAE,Abu Dhabi,18-01-2024,Frequent Buyer,₹7400.00,"Hoodie (₹2400.00), Sneakers (₹3500.00), Cap (₹800.00), Scarf (₹700.00)",₹140300.00
CUST00814,ORD503861,Amit Mishra,46,Male,amit.mishra.row0363@gmail.com,91844764983,India,Bengaluru,19-10-2024,Churn Risk,₹7450.00,"Formal Shirt (₹2200.00), Black T-Shirt (₹950.00), Wallet (₹1800.00), Black Denim Jeans (₹2500.00)",₹115650.00
CUST00815,ORD764429,Ava Rodriguez,37,Female,ava.rodriguez.row0660@gmail.com,6.15956E+11,Australia,Melbourne,27-06-2024,Churn Risk,₹3500.00,"Wallet (₹1800.00), Cap (₹800.00), White T-Shirt (₹900.00)",₹134200.00
CUST00816,ORD846026,Deepak Gupta,32,Male,deepak.gupta.row0184@gmail.com,9.1144E+11,India,Pune,16-09-2025,Trendsetter,₹8900.00,"Blue Denim Jacket (₹3200.00), Leather Belt (₹1200.00), Running Shoes (₹4500.00)",₹121600.00
CUST00817,ORD493855,Alex Taylor,33,Male,alex.taylor.row0975@gmail.com,18902666428,USA,Chicago,20-01-2025,Loyal Customer,₹700.00,Scarf (₹700.00),₹109400.00
CUST00818,ORD930619,Rahul Reddy,20,Male,rahul.reddy.row0452@gmail.com,9.12251E+11,India,Pune,02-10-2024,Trendsetter,₹2200.00,Formal Shirt (₹2200.00),₹138300.00
CUST00819,ORD614676,Mary Davis,16,Female,mary.davis.row0787@gmail.com,6.52209E+11,Singapore,Singapore,01-06-2024,Churn Risk,₹9100.00,"Sneakers (₹3500.00), Cap (₹800.00), Bomber Jacket (₹4800.00)",₹84300.00
CUST00820,ORD763425,Ava Thomas,36,Female,ava.thomas.row0897@gmail.com,1979342779,USA,Los Angeles,07-10-2024,High Value,₹3200.00,Blue Denim Jacket (₹3200.00),₹63100.00
CUST00821,ORD673281,Lucas Brown,22,Male,lucas.brown.row0998@gmail.com,55472964413,Brazil,Sao Paulo,14-01-2026,Trendsetter,₹8450.00,"Black T-Shirt (₹950.00), Running Shoes (₹4500.00), Slim Fit Jeans (₹2200.00), Cap (₹800.00)",₹61950.00
CUST00822,ORD962421,Ava Anderson,17,Female,ava.anderson.row0657@gmail.com,5.53289E+11,Brazil,Rio de Janeiro,07-02-2026,VIP,₹700.00,Scarf (₹700.00),₹38800.00
CUST00823,ORD976352,John Williams,26,Male,john.williams.row0648@gmail.com,3.3841E+11,France,Paris,20-07-2024,Discount Seeker,₹8200.00,"Scarf (₹700.00), Running Shoes (₹4500.00), Cap (₹800.00), Formal Shirt (₹2200.00)",₹17400.00
CUST00824,ORD684433,Amelia Brown,17,Female,amelia.brown.row0636@gmail.com,4.96135E+11,Germany,Munich,13-01-2026,Frequent Buyer,₹4500.00,Running Shoes (₹4500.00),₹70300.00
CUST00825,ORD343355,John Martinez,40,Male,john.martinez.row0816@gmail.com,3.35924E+11,France,Marseille,25-04-2024,Churn Risk,₹9450.00,"Cap (₹800.00), Running Shoes (₹4500.00), Loafers (₹3200.00), Black T-Shirt (₹950.00)",₹50050.00
CUST00826,ORD997920,Anil Rao,32,Male,anil.rao.row0388@gmail.com,9.13169E+11,India,Delhi,04-08-2025,VIP,₹6650.00,"Black T-Shirt (₹950.00), White T-Shirt (₹900.00), Bomber Jacket (₹4800.00)",₹122150.00
CUST00827,ORD594059,Rahul Das,15,Male,rahul.das.row0022@gmail.com,9.18009E+11,India,Hyderabad,23-08-2025,Churn Risk,₹16400.00,"Sneakers (₹3500.00), Loafers (₹3200.00), Winter Coat (₹7200.00), Black Denim Jeans (₹2500.00)",₹92700.00
CUST00828,ORD832692,Liam Miller,39,Male,liam.miller.row0627@gmail.com,3.36544E+11,France,Lyon,24-07-2024,Loyal Customer,₹12600.00,"Blue Denim Jacket (₹3200.00), Slim Fit Jeans (₹2200.00), Winter Coat (₹7200.00)",₹83000.00
CUST00829,ORD279269,Jane Anderson,30,Female,jane.anderson.row0578@gmail.com,6.52575E+11,Singapore,Singapore,26-07-2024,Discount Seeker,₹1700.00,"White T-Shirt (₹900.00), Cap (₹800.00)",₹17700.00
CUST00830,ORD956112,James Anderson,47,Male,james.anderson.row0712@gmail.com,2.73895E+11,South Africa,Cape Town,06-05-2026,Churn Risk,₹4650.00,"Scarf (₹700.00), Leather Belt (₹1200.00), Wallet (₹1800.00), Black T-Shirt (₹950.00)",₹81150.00
CUST00831,ORD397004,John Taylor,20,Male,john.taylor.row0851@gmail.com,6.53348E+11,Singapore,Singapore,15-09-2025,High Value,₹12950.00,"Black T-Shirt (₹950.00), Winter Coat (₹7200.00), Bomber Jacket (₹4800.00)",₹21050.00
CUST00832,ORD610020,Krishna Iyer,42,Male,krishna.iyer.row0085@gmail.com,9.182E+11,India,Pune,28-01-2025,Loyal Customer,₹1800.00,Wallet (₹1800.00),₹82500.00
CUST00833,ORD748787,Vivaan Bose,44,Male,vivaan.bose.row0099@gmail.com,9.1164E+11,India,Mumbai,06-06-2024,High Value,₹4450.00,"Sneakers (₹3500.00), Black T-Shirt (₹950.00)",₹129550.00
CUST00834,ORD366193,Emma Taylor,46,Female,emma.taylor.row0684@gmail.com,9.71854E+12,UAE,Dubai,10-08-2025,High Value,₹3200.00,Blue Denim Jacket (₹3200.00),₹83500.00
CUST00835,ORD220905,Anil Reddy,21,Male,anil.reddy.row0242@gmail.com,9.18907E+11,India,Bengaluru,17-11-2025,Discount Seeker,₹2500.00,Black Denim Jeans (₹2500.00),₹105200.00
CUST00836,ORD666309,Jane Martinez,49,Female,jane.martinez.row0856@gmail.com,5.58796E+11,Brazil,Sao Paulo,11-04-2026,Churn Risk,₹9400.00,"Winter Coat (₹7200.00), Formal Shirt (₹2200.00)",₹122600.00
CUST00837,ORD104997,Alex Thomas,22,Male,alex.thomas.row0894@gmail.com,2.78972E+11,South Africa,Johannesburg,16-02-2025,Loyal Customer,₹4000.00,"Slim Fit Jeans (₹2200.00), Wallet (₹1800.00)",₹22800.00
CUST00838,ORD503769,Arjun Joshi,24,Male,arjun.joshi.row0302@gmail.com,9.12077E+11,India,Pune,16-05-2026,VIP,₹3200.00,Loafers (₹3200.00),₹111500.00
CUST00839,ORD768766,James Martinez,18,Male,james.martinez.row0827@gmail.com,8.13388E+11,Japan,Kyoto,14-02-2025,High Value,₹9000.00,"Running Shoes (₹4500.00), Cap (₹800.00), Leather Belt (₹1200.00), Black Denim Jeans (₹2500.00)",₹60200.00
CUST00840,ORD542136,Avani Nair,36,Female,avani.nair.row0023@gmail.com,9.13028E+11,India,Bengaluru,16-01-2025,Trendsetter,₹1200.00,Leather Belt (₹1200.00),₹14400.00
CUST00841,ORD112403,David Jones,51,Male,david.jones.row1001@gmail.com,3.36197E+11,France,Lyon,16-05-2025,Loyal Customer,₹900.00,White T-Shirt (₹900.00),₹50500.00
CUST00842,ORD110965,Oliver Smith,20,Male,oliver.smith.row0555@gmail.com,3.35111E+11,France,Paris,29-04-2024,High Value,₹11300.00,"Wallet (₹1800.00), Bomber Jacket (₹4800.00), Black Denim Jeans (₹2500.00), Slim Fit Jeans (₹2200.00)",₹73800.00
CUST00843,ORD788012,Emily Brown,33,Female,emily.brown.row0771@gmail.com,13689259384,USA,Los Angeles,21-09-2024,High Value,₹3900.00,"Scarf (₹700.00), Blue Denim Jacket (₹3200.00)",₹7100.00
CUST00844,ORD939982,Krishna Reddy,27,Male,krishna.reddy.row0144@gmail.com,9.1571E+11,India,Pune,24-06-2025,Churn Risk,₹1200.00,Leather Belt (₹1200.00),₹120800.00
CUST00845,ORD633581,Mary Martinez,37,Female,mary.martinez.row0984@gmail.com,3.36023E+11,France,Paris,15-08-2025,Churn Risk,₹3950.00,"Leather Belt (₹1200.00), Wallet (₹1800.00), Black T-Shirt (₹950.00)",₹132950.00
CUST00846,ORD287939,Amelia Johnson,25,Female,amelia.johnson.row0704@gmail.com,6.16153E+11,Australia,Brisbane,01-08-2025,Loyal Customer,₹3200.00,Loafers (₹3200.00),₹134700.00
CUST00847,ORD281726,Reyansh Joshi,52,Male,reyansh.joshi.row0020@gmail.com,9.15998E+11,India,Mumbai,11-01-2025,Trendsetter,₹9600.00,"Formal Shirt (₹2200.00), Slim Fit Jeans (₹2200.00), Running Shoes (₹4500.00), Scarf (₹700.00)",₹84600.00
CUST00848,ORD152550,Oliver Taylor,27,Male,oliver.taylor.row0589@gmail.com,8.16151E+11,Japan,Osaka,30-06-2024,Discount Seeker,₹9200.00,"Leather Belt (₹1200.00), Blue Denim Jacket (₹3200.00), Bomber Jacket (₹4800.00)",₹89500.00
CUST00849,ORD910439,Oliver Jones,38,Male,oliver.jones.row0518@gmail.com,6.53473E+11,Singapore,Singapore,28-03-2024,Frequent Buyer,₹10200.00,"Sneakers (₹3500.00), Formal Shirt (₹2200.00), Running Shoes (₹4500.00)",₹16800.00
CUST00850,ORD898777,Michael Davis,55,Male,michael.davis.row0979@gmail.com,6.59848E+11,Singapore,Singapore,10-06-2024,High Value,₹4150.00,"Scarf (₹700.00), Black Denim Jeans (₹2500.00), Black T-Shirt (₹950.00)",₹71050.00
CUST00851,ORD517020,Krishna Singh,49,Male,krishna.singh.row0291@gmail.com,9.15533E+11,India,Delhi,20-12-2025,Frequent Buyer,₹6700.00,"Sneakers (₹3500.00), Loafers (₹3200.00)",₹27800.00
CUST00852,ORD433728,Aadhya Joshi,42,Female,aadhya.joshi.row0219@gmail.com,9.14893E+11,India,Bengaluru,21-07-2024,Churn Risk,₹2200.00,Slim Fit Jeans (₹2200.00),₹74800.00
CUST00853,ORD459656,Sai Reddy,35,Male,sai.reddy.row0332@gmail.com,91932722674,India,Chennai,14-05-2025,Trendsetter,₹15000.00,"Hoodie (₹2400.00), Winter Coat (₹7200.00), Loafers (₹3200.00), Formal Shirt (₹2200.00)",₹34600.00
CUST00854,ORD329710,Mary Taylor,56,Female,mary.taylor.row0875@gmail.com,2.79712E+11,South Africa,Johannesburg,23-04-2025,VIP,₹4800.00,Bomber Jacket (₹4800.00),₹70300.00
CUST00855,ORD874584,Pari Singh,41,Female,pari.singh.row0313@gmail.com,9.18927E+11,India,Bengaluru,23-05-2026,Loyal Customer,₹4800.00,Bomber Jacket (₹4800.00),₹85700.00
CUST00856,ORD559076,Amelia Smith,25,Female,amelia.smith.row0584@gmail.com,6.54701E+11,Singapore,Singapore,29-06-2025,Loyal Customer,₹7000.00,"Running Shoes (₹4500.00), Black Denim Jeans (₹2500.00)",₹26500.00
CUST00857,ORD728376,Sunil Sharma,30,Male,sunil.sharma.row0062@gmail.com,9.13721E+11,India,Hyderabad,30-09-2025,Loyal Customer,₹8100.00,"Slim Fit Jeans (₹2200.00), Hoodie (₹2400.00), Sneakers (₹3500.00)",₹78200.00
CUST00858,ORD891262,Ava Martinez,40,Female,ava.martinez.row0741@gmail.com,9.71532E+12,UAE,Abu Dhabi,23-10-2025,Loyal Customer,₹2200.00,Slim Fit Jeans (₹2200.00),₹30000.00
CUST00859,ORD713027,Oliver Johnson,51,Male,oliver.johnson.row0841@gmail.com,18580688678,USA,Houston,22-03-2026,Discount Seeker,₹900.00,White T-Shirt (₹900.00),₹66700.00
CUST00860,ORD455359,Ava Rodriguez,34,Female,ava.rodriguez.row0587@gmail.com,2.72626E+11,South Africa,Cape Town,06-10-2025,Trendsetter,₹9300.00,"Loafers (₹3200.00), Cap (₹800.00), Wallet (₹1800.00), Sneakers (₹3500.00)",₹79800.00
CUST00861,ORD750480,Emma Williams,30,Female,emma.williams.row0743@gmail.com,11177019208,USA,Houston,24-01-2024,Loyal Customer,₹5100.00,"Cap (₹800.00), Leather Belt (₹1200.00), White T-Shirt (₹900.00), Formal Shirt (₹2200.00)",₹21900.00
CUST00862,ORD430048,John Martinez,37,Male,john.martinez.row0962@gmail.com,4.93207E+11,Germany,Berlin,07-01-2025,Trendsetter,₹800.00,Cap (₹800.00),₹44600.00
CUST00863,ORD488863,Avani Mehra,49,Female,avani.mehra.row0137@gmail.com,9.15799E+11,India,Bengaluru,30-07-2024,VIP,₹10600.00,"Scarf (₹700.00), Blue Denim Jacket (₹3200.00), Running Shoes (₹4500.00), Formal Shirt (₹2200.00)",₹65000.00
CUST00864,ORD924198,Aadhya Mehra,21,Female,aadhya.mehra.row0494@gmail.com,91184016290,India,Delhi,26-03-2025,Discount Seeker,₹7200.00,Winter Coat (₹7200.00),₹36700.00
CUST00865,ORD672261,Shaurya Banerjee,49,Male,shaurya.banerjee.row0360@gmail.com,9.15819E+11,India,Mumbai,11-03-2025,Discount Seeker,₹8950.00,"Black T-Shirt (₹950.00), Sneakers (₹3500.00), Running Shoes (₹4500.00)",₹37550.00
CUST00866,ORD114789,Aadhya Mukherjee,60,Female,aadhya.mukherjee.row0026@gmail.com,9.17586E+11,India,Delhi,12-07-2025,Discount Seeker,₹2200.00,Slim Fit Jeans (₹2200.00),₹46200.00
CUST00867,ORD239074,Sarah Brown,21,Female,sarah.brown.row0678@gmail.com,4.93829E+11,Germany,Hamburg,10-10-2024,Discount Seeker,₹10400.00,"Loafers (₹3200.00), Winter Coat (₹7200.00)",₹26100.00
CUST00868,ORD333719,Mary Jones,44,Female,mary.jones.row0929@gmail.com,65565208198,Singapore,Singapore,29-02-2024,Loyal Customer,₹3100.00,"White T-Shirt (₹900.00), Formal Shirt (₹2200.00)",₹54500.00
CUST00869,ORD978793,Alex Jones,23,Male,alex.jones.row0655@gmail.com,5.59718E+11,Brazil,Sao Paulo,05-06-2025,VIP,₹13600.00,"Winter Coat (₹7200.00), Blue Denim Jacket (₹3200.00), Cap (₹800.00), Hoodie (₹2400.00)",₹104900.00
CUST00870,ORD166604,Rajesh Singh,35,Male,rajesh.singh.row0179@gmail.com,9.17861E+11,India,Mumbai,02-02-2026,Trendsetter,₹5100.00,"Sneakers (₹3500.00), White T-Shirt (₹900.00), Scarf (₹700.00)",₹58800.00
CUST00871,ORD267073,Jane Thomas,28,Female,jane.thomas.row0997@gmail.com,6.54435E+11,Singapore,Singapore,27-05-2026,Churn Risk,₹12300.00,"Slim Fit Jeans (₹2200.00), Formal Shirt (₹2200.00), Winter Coat (₹7200.00), Scarf (₹700.00)",₹104700.00
CUST00872,ORD777291,John Rodriguez,18,Male,john.rodriguez.row0773@gmail.com,5.54271E+11,Brazil,Sao Paulo,07-03-2025,Discount Seeker,₹2700.00,"White T-Shirt (₹900.00), Wallet (₹1800.00)",₹17600.00
CUST00873,ORD601780,Amit Joshi,44,Male,amit.joshi.row0183@gmail.com,9.14808E+11,India,Pune,25-04-2024,High Value,₹3500.00,Sneakers (₹3500.00),₹109300.00
CUST00874,ORD724611,Vivaan Nair,29,Male,vivaan.nair.row0296@gmail.com,9.11343E+11,India,Chennai,09-09-2025,High Value,₹9600.00,"Hoodie (₹2400.00), Winter Coat (₹7200.00)",₹41600.00
CUST00875,ORD357913,Aarav Chatterjee,25,Male,aarav.chatterjee.row0068@gmail.com,9.18924E+11,India,Chennai,16-09-2025,Discount Seeker,₹5400.00,"White T-Shirt (₹900.00), Running Shoes (₹4500.00)",₹11900.00
CUST00876,ORD434276,Mary Brown,37,Female,mary.brown.row0534@gmail.com,5.53337E+11,Brazil,Rio de Janeiro,03-07-2024,Frequent Buyer,₹9400.00,"Winter Coat (₹7200.00), Slim Fit Jeans (₹2200.00)",₹106700.00
CUST00877,ORD591016,Emma Williams,30,Female,emma.williams.row0722@gmail.com,6.15642E+11,Australia,Sydney,10-07-2024,Discount Seeker,₹3200.00,Blue Denim Jacket (₹3200.00),₹117600.00
CUST00878,ORD823397,Amelia Davis,43,Female,amelia.davis.row0852@gmail.com,5.59685E+11,Brazil,Sao Paulo,06-10-2025,Frequent Buyer,₹8950.00,"Cap (₹800.00), Black T-Shirt (₹950.00), Winter Coat (₹7200.00)",₹50350.00
CUST00879,ORD917501,Deepak Verma,40,Male,deepak.verma.row0425@gmail.com,9.1872E+11,India,Bengaluru,07-04-2025,Discount Seeker,₹11300.00,"Winter Coat (₹7200.00), Cap (₹800.00), White T-Shirt (₹900.00), Hoodie (₹2400.00)",₹38100.00
CUST00880,ORD212532,Pihu Bose,45,Female,pihu.bose.row0320@gmail.com,9.12194E+11,India,Hyderabad,14-02-2026,Trendsetter,₹6100.00,"White T-Shirt (₹900.00), Running Shoes (₹4500.00), Scarf (₹700.00)",₹65100.00
CUST00881,ORD443038,Deepak Patel,47,Male,deepak.patel.row0069@gmail.com,9.14959E+11,India,Delhi,18-04-2026,Discount Seeker,₹11000.00,"Black Denim Jeans (₹2500.00), Formal Shirt (₹2200.00), Wallet (₹1800.00), Running Shoes (₹4500.00)",₹71900.00
CUST00882,ORD182860,Rajesh Rao,55,Male,rajesh.rao.row0003@gmail.com,9.16164E+11,India,Mumbai,18-04-2024,Loyal Customer,₹12900.00,"Bomber Jacket (₹4800.00), Hoodie (₹2400.00), Leather Belt (₹1200.00), Running Shoes (₹4500.00)",₹54600.00
CUST00883,ORD968825,Oliver Martinez,44,Male,oliver.martinez.row0734@gmail.com,14839026486,Canada,Montreal,09-04-2024,Frequent Buyer,₹13400.00,"Sneakers (₹3500.00), Slim Fit Jeans (₹2200.00), Running Shoes (₹4500.00), Loafers (₹3200.00)",₹113600.00
CUST00884,ORD853853,Michael Jones,27,Male,michael.jones.row0663@gmail.com,9.71817E+12,UAE,Abu Dhabi,24-11-2025,Loyal Customer,₹9400.00,"Bomber Jacket (₹4800.00), Slim Fit Jeans (₹2200.00), Hoodie (₹2400.00)",₹84000.00
CUST00885,ORD292604,Pari Patel,28,Female,pari.patel.row0447@gmail.com,9.14647E+11,India,Hyderabad,20-02-2025,Loyal Customer,₹5750.00,"Bomber Jacket (₹4800.00), Black T-Shirt (₹950.00)",₹48650.00
CUST00886,ORD468089,Krishna Kumar,54,Male,krishna.kumar.row0215@gmail.com,9.18386E+11,India,Chennai,15-09-2024,High Value,₹2000.00,"Cap (₹800.00), Leather Belt (₹1200.00)",₹27200.00
CUST00887,ORD671763,Riya Mehra,34,Female,riya.mehra.row0063@gmail.com,9.18825E+11,India,Bengaluru,20-09-2024,Trendsetter,₹13000.00,"Slim Fit Jeans (₹2200.00), Black Denim Jeans (₹2500.00), Bomber Jacket (₹4800.00), Sneakers (₹3500.00)",₹32200.00
CUST00888,ORD929101,Mary Davis,23,Female,mary.davis.row0754@gmail.com,6.19499E+11,Australia,Brisbane,13-06-2025,Loyal Customer,₹8150.00,"Running Shoes (₹4500.00), Black T-Shirt (₹950.00), White T-Shirt (₹900.00), Wallet (₹1800.00)",₹111250.00
CUST00889,ORD216836,Deepak Mehra,17,Male,deepak.mehra.row0396@gmail.com,9.12768E+11,India,Bengaluru,24-05-2025,High Value,₹6350.00,"Black T-Shirt (₹950.00), Formal Shirt (₹2200.00), Loafers (₹3200.00)",₹55950.00
CUST00890,ORD577818,Anika Sharma,35,Female,anika.sharma.row0324@gmail.com,9.16236E+11,India,Mumbai,01-11-2024,VIP,₹950.00,Black T-Shirt (₹950.00),₹85950.00
CUST00891,ORD727761,Sunil Joshi,38,Male,sunil.joshi.row0470@gmail.com,9.1318E+11,India,Pune,28-04-2024,Frequent Buyer,₹7000.00,"Scarf (₹700.00), White T-Shirt (₹900.00), Slim Fit Jeans (₹2200.00), Loafers (₹3200.00)",₹12900.00
CUST00892,ORD426450,Emily Martinez,23,Female,emily.martinez.row0519@gmail.com,13495889061,Canada,Vancouver,01-02-2025,High Value,₹14850.00,"Black T-Shirt (₹950.00), Sneakers (₹3500.00), Blue Denim Jacket (₹3200.00), Winter Coat (₹7200.00)",₹36650.00
CUST00893,ORD893383,Ishaan Banerjee,35,Male,ishaan.banerjee.row0270@gmail.com,9.15925E+11,India,Mumbai,06-04-2025,Loyal Customer,₹15800.00,"Loafers (₹3200.00), Blue Denim Jacket (₹3200.00), Winter Coat (₹7200.00), Slim Fit Jeans (₹2200.00)",₹30800.00
CUST00894,ORD151785,Emily Martinez,29,Female,emily.martinez.row0885@gmail.com,4.46193E+11,UK,Birmingham,24-04-2025,VIP,₹950.00,Black T-Shirt (₹950.00),₹52550.00
CUST00895,ORD213980,John Smith,20,Male,john.smith.row0745@gmail.com,9.71985E+12,UAE,Abu Dhabi,19-04-2024,Frequent Buyer,₹5800.00,"Scarf (₹700.00), Cap (₹800.00), Black Denim Jeans (₹2500.00), Wallet (₹1800.00)",₹118000.00
CUST00896,ORD234866,Michael Garcia,44,Male,michael.garcia.row0928@gmail.com,6.56272E+11,Singapore,Singapore,05-05-2026,High Value,₹9200.00,"Formal Shirt (₹2200.00), Bomber Jacket (₹4800.00), Slim Fit Jeans (₹2200.00)",₹88400.00
CUST00897,ORD858421,Mary Garcia,16,Female,mary.garcia.row0739@gmail.com,5.54196E+11,Brazil,Sao Paulo,08-06-2026,VIP,₹3500.00,Sneakers (₹3500.00),₹32300.00
CUST00898,ORD233990,Emily Miller,46,Female,emily.miller.row0835@gmail.com,5.59423E+11,Brazil,Sao Paulo,16-03-2025,Loyal Customer,₹6400.00,"Hoodie (₹2400.00), Cap (₹800.00), Blue Denim Jacket (₹3200.00)",₹70300.00
CUST00899,ORD693134,James Wilson,34,Male,james.wilson.row0823@gmail.com,6.11545E+11,Australia,Brisbane,15-09-2025,Churn Risk,₹9700.00,"Black Denim Jeans (₹2500.00), Winter Coat (₹7200.00)",₹79900.00
CUST00900,ORD271979,Ishaan Patel,33,Male,ishaan.patel.row0220@gmail.com,9.14858E+11,India,Hyderabad,16-11-2024,Frequent Buyer,₹5300.00,"Sneakers (₹3500.00), Wallet (₹1800.00)",₹76600.00
CUST00901,ORD958871,Ava Anderson,39,Female,ava.anderson.row0643@gmail.com,6.55797E+11,Singapore,Singapore,27-05-2026,Loyal Customer,₹12800.00,"Hoodie (₹2400.00), Black Denim Jeans (₹2500.00), Winter Coat (₹7200.00), Scarf (₹700.00)",₹52300.00
CUST00902,ORD928999,James Wilson,49,Male,james.wilson.row0770@gmail.com,4.45831E+11,UK,London,29-01-2024,Frequent Buyer,₹7700.00,"Running Shoes (₹4500.00), Loafers (₹3200.00)",₹55500.00
CUST00903,ORD806014,Rahul Joshi,46,Male,rahul.joshi.row0205@gmail.com,9.1887E+11,India,Hyderabad,22-03-2024,VIP,₹2900.00,"Slim Fit Jeans (₹2200.00), Scarf (₹700.00)",₹7600.00
CUST00904,ORD161860,John Garcia,30,Male,john.garcia.row0709@gmail.com,5.5333E+11,Brazil,Rio de Janeiro,12-12-2024,Loyal Customer,₹7100.00,"Loafers (₹3200.00), Blue Denim Jacket (₹3200.00), Scarf (₹700.00)",₹32100.00
CUST00905,ORD740811,Michael Martinez,22,Male,michael.martinez.row0963@gmail.com,3.32703E+11,France,Lyon,02-04-2025,High Value,₹8050.00,"Blue Denim Jacket (₹3200.00), Black T-Shirt (₹950.00), Scarf (₹700.00), Loafers (₹3200.00)",₹142950.00
CUST00906,ORD666665,Liam Wilson,36,Male,liam.wilson.row0626@gmail.com,8.14867E+11,Japan,Tokyo,25-05-2024,Trendsetter,₹2200.00,Slim Fit Jeans (₹2200.00),₹32700.00
CUST00907,ORD738244,James Wilson,45,Male,james.wilson.row0536@gmail.com,9.71441E+12,UAE,Dubai,02-05-2026,High Value,₹5300.00,"Running Shoes (₹4500.00), Cap (₹800.00)",₹118700.00
CUST00908,ORD827524,Liam Taylor,34,Male,liam.taylor.row0662@gmail.com,9.71257E+12,UAE,Dubai,16-08-2025,Churn Risk,₹8100.00,"Cap (₹800.00), Bomber Jacket (₹4800.00), Black Denim Jeans (₹2500.00)",₹54300.00
CUST00909,ORD430142,Liam Thomas,29,Male,liam.thomas.row0883@gmail.com,3.32152E+11,France,Paris,28-11-2025,VIP,₹2200.00,Slim Fit Jeans (₹2200.00),₹138600.00
CUST00910,ORD932668,Liam Taylor,25,Male,liam.taylor.row0654@gmail.com,4.9511E+11,Germany,Berlin,08-03-2024,Churn Risk,₹8000.00,"Blue Denim Jacket (₹3200.00), Bomber Jacket (₹4800.00)",₹29900.00
CUST00911,ORD418476,Jane Anderson,18,Female,jane.anderson.row0937@gmail.com,8.16947E+11,Japan,Osaka,11-04-2026,VIP,₹950.00,Black T-Shirt (₹950.00),₹90550.00
CUST00912,ORD469911,Rohan Mukherjee,43,Male,rohan.mukherjee.row0139@gmail.com,9.14891E+11,India,Mumbai,06-07-2025,Discount Seeker,₹10000.00,"Cap (₹800.00), Bomber Jacket (₹4800.00), Leather Belt (₹1200.00), Loafers (₹3200.00)",₹142300.00
CUST00913,ORD946306,Shaurya Verma,16,Male,shaurya.verma.row0191@gmail.com,9.1876E+11,India,Delhi,14-06-2024,Loyal Customer,₹16200.00,"Winter Coat (₹7200.00), Bomber Jacket (₹4800.00), Scarf (₹700.00), Sneakers (₹3500.00)",₹43100.00
CUST00914,ORD741467,Anika Patel,16,Female,anika.patel.row0119@gmail.com,9.15613E+11,India,Hyderabad,10-08-2024,VIP,₹5500.00,"Bomber Jacket (₹4800.00), Scarf (₹700.00)",₹30900.00
CUST00915,ORD964495,Reyansh Mehra,46,Male,reyansh.mehra.row0428@gmail.com,9.12609E+11,India,Delhi,12-03-2026,Churn Risk,₹2200.00,Formal Shirt (₹2200.00),₹11100.00
CUST00916,ORD233184,Shaurya Mishra,39,Male,shaurya.mishra.row0005@gmail.com,9.14741E+11,India,Delhi,06-03-2026,VIP,₹13200.00,"Winter Coat (₹7200.00), Bomber Jacket (₹4800.00), Leather Belt (₹1200.00)",₹31000.00
CUST00917,ORD850798,Amelia Thomas,39,Female,amelia.thomas.row0932@gmail.com,6.11308E+11,Australia,Melbourne,20-06-2025,Discount Seeker,₹5200.00,"Blue Denim Jacket (₹3200.00), Cap (₹800.00), Leather Belt (₹1200.00)",₹123800.00
CUST00918,ORD382923,Ananya Joshi,21,Female,ananya.joshi.row0438@gmail.com,9.14791E+11,India,Hyderabad,13-03-2026,Trendsetter,₹10000.00,"Wallet (₹1800.00), Black Denim Jeans (₹2500.00), Bomber Jacket (₹4800.00), White T-Shirt (₹900.00)",₹115200.00
CUST00919,ORD410579,Deepak Singh,25,Male,deepak.singh.row0515@gmail.com,9.11577E+11,India,Pune,01-02-2026,VIP,₹4500.00,Running Shoes (₹4500.00),₹39700.00
CUST00920,ORD124681,Amelia Brown,32,Female,amelia.brown.row0934@gmail.com,3.31804E+11,France,Marseille,23-05-2025,Frequent Buyer,₹6700.00,"Sneakers (₹3500.00), Black Denim Jeans (₹2500.00), Scarf (₹700.00)",₹100400.00
CUST00921,ORD408514,Michael Taylor,43,Male,michael.taylor.row1015@gmail.com,16443706986,Canada,Montreal,19-11-2025,High Value,₹13700.00,"Running Shoes (₹4500.00), Black Denim Jeans (₹2500.00), Sneakers (₹3500.00), Loafers (₹3200.00)",₹139800.00
CUST00922,ORD433576,Jane Miller,46,Female,jane.miller.row0708@gmail.com,6.53048E+11,Singapore,Singapore,07-11-2024,Trendsetter,₹6200.00,"Loafers (₹3200.00), Cap (₹800.00), Formal Shirt (₹2200.00)",₹142700.00
CUST00923,ORD500666,Pihu Kumar,47,Female,pihu.kumar.row0043@gmail.com,9.13884E+11,India,Bengaluru,06-08-2025,Discount Seeker,₹7950.00,"Black T-Shirt (₹950.00), Bomber Jacket (₹4800.00), Slim Fit Jeans (₹2200.00)",₹108050.00
CUST00924,ORD786339,Oliver Jones,19,Male,oliver.jones.row0849@gmail.com,18289660823,Canada,Toronto,12-01-2025,Loyal Customer,₹7550.00,"Black T-Shirt (₹950.00), Slim Fit Jeans (₹2200.00), Leather Belt (₹1200.00), Blue Denim Jacket (₹3200.00)",₹121450.00
CUST00925,ORD456032,Jane Davis,33,Female,jane.davis.row0872@gmail.com,6.16257E+11,Australia,Melbourne,29-01-2026,Discount Seeker,₹3200.00,Loafers (₹3200.00),₹95000.00
CUST00926,ORD898505,Vivaan Reddy,40,Male,vivaan.reddy.row0271@gmail.com,9.16296E+11,India,Pune,30-09-2024,Frequent Buyer,₹7900.00,"White T-Shirt (₹900.00), Bomber Jacket (₹4800.00), Slim Fit Jeans (₹2200.00)",₹41000.00
CUST00927,ORD176894,James Wilson,32,Male,james.wilson.row0580@gmail.com,15519257015,USA,New York,24-12-2025,Trendsetter,₹14000.00,"Sneakers (₹3500.00), Winter Coat (₹7200.00), White T-Shirt (₹900.00), Hoodie (₹2400.00)",₹109600.00
CUST00928,ORD550822,Sai Bose,33,Male,sai.bose.row0351@gmail.com,9.12259E+11,India,Chennai,13-05-2024,High Value,₹5200.00,"Wallet (₹1800.00), Black Denim Jeans (₹2500.00), White T-Shirt (₹900.00)",₹67100.00
CUST00929,ORD990137,Vikram Reddy,47,Male,vikram.reddy.row0445@gmail.com,9.16551E+11,India,Hyderabad,05-02-2025,Churn Risk,₹8900.00,"Slim Fit Jeans (₹2200.00), Blue Denim Jacket (₹3200.00), Sneakers (₹3500.00)",₹36900.00
CUST00930,ORD707789,Anil Joshi,35,Male,anil.joshi.row0287@gmail.com,9.19535E+11,India,Delhi,08-04-2024,Loyal Customer,₹5900.00,"White T-Shirt (₹900.00), Loafers (₹3200.00), Wallet (₹1800.00)",₹57900.00
CUST00931,ORD591967,Riya Banerjee,24,Female,riya.banerjee.row0391@gmail.com,9.13261E+11,India,Mumbai,07-07-2024,High Value,₹7700.00,"Hoodie (₹2400.00), Wallet (₹1800.00), Sneakers (₹3500.00)",₹60500.00
CUST00932,ORD749087,Sai Das,26,Male,sai.das.row0244@gmail.com,9.14844E+11,India,Chennai,05-10-2025,Trendsetter,₹6200.00,"Running Shoes (₹4500.00), White T-Shirt (₹900.00), Cap (₹800.00)",₹67200.00
CUST00933,ORD257050,Sai Bose,38,Male,sai.bose.row0015@gmail.com,9.17017E+11,India,Mumbai,03-12-2024,Discount Seeker,₹8550.00,"Formal Shirt (₹2200.00), Black T-Shirt (₹950.00), Running Shoes (₹4500.00), White T-Shirt (₹900.00)",₹81650.00
CUST00934,ORD352709,Mary Wilson,57,Female,mary.wilson.row0969@gmail.com,6.56229E+11,Singapore,Singapore,24-02-2024,High Value,₹3100.00,"Formal Shirt (₹2200.00), White T-Shirt (₹900.00)",₹126000.00
CUST00935,ORD356822,Reyansh Chatterjee,24,Male,reyansh.chatterjee.row0488@gmail.com,9.15323E+11,India,Hyderabad,06-01-2025,Discount Seeker,₹2200.00,Slim Fit Jeans (₹2200.00),₹26400.00
CUST00936,ORD520185,Vijay Mishra,17,Male,vijay.mishra.row0140@gmail.com,9.12227E+11,India,Pune,26-02-2026,VIP,₹4150.00,"Black T-Shirt (₹950.00), Loafers (₹3200.00)",₹104550.00
CUST00937,ORD254789,Oliver Thomas,35,Male,oliver.thomas.row0986@gmail.com,3.36441E+11,France,Marseille,02-10-2024,VIP,₹7900.00,"Winter Coat (₹7200.00), Scarf (₹700.00)",₹43800.00
CUST00938,ORD470694,Oliver Thomas,20,Male,oliver.thomas.row0594@gmail.com,6.15393E+11,Australia,Melbourne,19-01-2026,Discount Seeker,₹7200.00,Winter Coat (₹7200.00),₹16200.00
CUST00939,ORD221972,Alex Garcia,48,Male,alex.garcia.row0789@gmail.com,8.12611E+11,Japan,Kyoto,06-06-2026,Churn Risk,₹14300.00,"Winter Coat (₹7200.00), Leather Belt (₹1200.00), Hoodie (₹2400.00), Sneakers (₹3500.00)",₹99500.00
CUST00940,ORD991844,Prisha Verma,30,Female,prisha.verma.row0142@gmail.com,9.15328E+11,India,Chennai,12-02-2025,VIP,₹8600.00,"White T-Shirt (₹900.00), Running Shoes (₹4500.00), Loafers (₹3200.00)",₹95300.00
CUST00941,ORD780622,Rahul Das,25,Male,rahul.das.row0109@gmail.com,9.13828E+11,India,Bengaluru,02-03-2024,VIP,₹10050.00,"Hoodie (₹2400.00), Black T-Shirt (₹950.00), Sneakers (₹3500.00), Loafers (₹3200.00)",₹70750.00
CUST00942,ORD891967,Lucas Jones,29,Male,lucas.jones.row1003@gmail.com,3.35697E+11,France,Paris,22-02-2025,VIP,₹1200.00,Leather Belt (₹1200.00),₹75600.00
CUST00943,ORD622816,Vijay Iyer,32,Male,vijay.iyer.row0213@gmail.com,9.16906E+11,India,Pune,07-06-2025,Loyal Customer,₹7000.00,"Formal Shirt (₹2200.00), Bomber Jacket (₹4800.00)",₹117900.00
CUST00944,ORD762333,David Wilson,32,Male,david.wilson.row0639@gmail.com,5.54379E+11,Brazil,Rio de Janeiro,14-05-2024,Frequent Buyer,₹5700.00,"Hoodie (₹2400.00), Black Denim Jeans (₹2500.00), Cap (₹800.00)",₹74700.00
CUST00945,ORD313945,Vikram Singh,15,Male,vikram.singh.row0341@gmail.com,9.19066E+11,India,Hyderabad,12-07-2025,High Value,₹6900.00,"Hoodie (₹2400.00), Running Shoes (₹4500.00)",₹34400.00
CUST00946,ORD315980,Deepak Pillai,36,Male,deepak.pillai.row0009@gmail.com,9.19425E+11,India,Delhi,19-12-2024,High Value,₹4850.00,"Scarf (₹700.00), Black T-Shirt (₹950.00), Cap (₹800.00), Hoodie (₹2400.00)",₹142150.00
CUST00947,ORD479927,Anil Kumar,49,Male,anil.kumar.row0266@gmail.com,9.14218E+11,India,Chennai,30-04-2026,Frequent Buyer,₹4900.00,"Hoodie (₹2400.00), Black Denim Jeans (₹2500.00)",₹62600.00
CUST00948,ORD249532,Aadhya Rao,24,Female,aadhya.rao.row0419@gmail.com,9.15335E+11,India,Pune,12-02-2024,High Value,₹13800.00,"Formal Shirt (₹2200.00), White T-Shirt (₹900.00), Winter Coat (₹7200.00), Sneakers (₹3500.00)",₹70500.00
CUST00949,ORD125067,Arjun Iyer,41,Male,arjun.iyer.row0174@gmail.com,9.17735E+11,India,Bengaluru,18-12-2025,VIP,₹11100.00,"Wallet (₹1800.00), Bomber Jacket (₹4800.00), Running Shoes (₹4500.00)",₹61800.00
CUST00950,ORD909536,Aadhya Sharma,46,Female,aadhya.sharma.row0195@gmail.com,9.12816E+11,India,Mumbai,15-03-2025,Trendsetter,₹1200.00,Leather Belt (₹1200.00),₹84400.00
CUST00951,ORD543184,Oliver Johnson,32,Male,oliver.johnson.row0620@gmail.com,9.71268E+12,UAE,Dubai,20-12-2024,Frequent Buyer,₹8300.00,"Sneakers (₹3500.00), Bomber Jacket (₹4800.00)",₹37500.00
CUST00952,ORD133625,Liam Martinez,43,Male,liam.martinez.row0855@gmail.com,6.17145E+11,Australia,Brisbane,06-08-2025,Trendsetter,₹4600.00,"Slim Fit Jeans (₹2200.00), Hoodie (₹2400.00)",₹8800.00
CUST00953,ORD989985,David Anderson,23,Male,david.anderson.row0609@gmail.com,4.99366E+11,Germany,Berlin,07-04-2024,Loyal Customer,₹2400.00,Hoodie (₹2400.00),₹41100.00
CUST00954,ORD686224,Vivaan Singh,26,Male,vivaan.singh.row0154@gmail.com,9.14978E+11,India,Delhi,09-01-2024,Discount Seeker,₹6400.00,"Loafers (₹3200.00), Blue Denim Jacket (₹3200.00)",₹28400.00
CUST00955,ORD262460,Liam Wilson,37,Male,liam.wilson.row1024@gmail.com,6.57127E+11,Singapore,Singapore,13-07-2025,Churn Risk,₹4050.00,"Black T-Shirt (₹950.00), White T-Shirt (₹900.00), Formal Shirt (₹2200.00)",₹67950.00
CUST00956,ORD583246,Aadhya Joshi,22,Female,aadhya.joshi.row0253@gmail.com,9.15434E+11,India,Mumbai,25-12-2025,Loyal Customer,₹800.00,Cap (₹800.00),₹82100.00
CUST00957,ORD281836,Lucas Williams,38,Male,lucas.williams.row0796@gmail.com,5.59368E+11,Brazil,Sao Paulo,19-10-2024,Discount Seeker,₹16900.00,"Bomber Jacket (₹4800.00), Hoodie (₹2400.00), Winter Coat (₹7200.00), Black Denim Jeans (₹2500.00)",₹98400.00
CUST00958,ORD727128,Sai Chatterjee,18,Male,sai.chatterjee.row0156@gmail.com,9.15971E+11,India,Mumbai,03-12-2024,Loyal Customer,₹5550.00,"Formal Shirt (₹2200.00), Hoodie (₹2400.00), Black T-Shirt (₹950.00)",₹77550.00
CUST00959,ORD760587,Ishaan Bose,19,Male,ishaan.bose.row0248@gmail.com,91431035200,India,Bengaluru,04-11-2025,Loyal Customer,₹12100.00,"Loafers (₹3200.00), Bomber Jacket (₹4800.00), White T-Shirt (₹900.00), Blue Denim Jacket (₹3200.00)",₹18600.00
CUST00960,ORD720518,Michael Jones,43,Male,michael.jones.row0523@gmail.com,4.46772E+11,UK,Manchester,04-03-2024,High Value,₹7200.00,Winter Coat (₹7200.00),₹32500.00
CUST00961,ORD325060,Rohan Nair,43,Male,rohan.nair.row0180@gmail.com,9.11394E+11,India,Delhi,08-02-2025,Discount Seeker,₹7200.00,"Blue Denim Jacket (₹3200.00), Loafers (₹3200.00), Cap (₹800.00)",₹58300.00
CUST00962,ORD555652,Alex Johnson,19,Male,alex.johnson.row0909@gmail.com,4.95311E+11,Germany,Munich,06-03-2025,Loyal Customer,₹7900.00,"Blue Denim Jacket (₹3200.00), Black Denim Jeans (₹2500.00), Formal Shirt (₹2200.00)",₹135400.00
CUST00963,ORD459243,Diya Pillai,34,Female,diya.pillai.row0469@gmail.com,9.14238E+11,India,Bengaluru,19-01-2025,Trendsetter,₹4400.00,"Loafers (₹3200.00), Leather Belt (₹1200.00)",₹121700.00
CUST00964,ORD387915,Alex Jones,33,Male,alex.jones.row0987@gmail.com,4.46421E+11,UK,London,21-07-2025,VIP,₹4150.00,"Loafers (₹3200.00), Black T-Shirt (₹950.00)",₹106150.00
CUST00965,ORD396133,Amelia Brown,19,Female,amelia.brown.row0717@gmail.com,6.1259E+11,Australia,Sydney,02-01-2025,Trendsetter,₹3500.00,Sneakers (₹3500.00),₹75100.00
CUST00966,ORD717028,Aarav Bose,47,Male,aarav.bose.row0300@gmail.com,9.19217E+11,India,Chennai,27-02-2025,Churn Risk,₹6900.00,"Leather Belt (₹1200.00), Sneakers (₹3500.00), Formal Shirt (₹2200.00)",₹67500.00
CUST00967,ORD118043,John Rodriguez,32,Male,john.rodriguez.row0659@gmail.com,8.11892E+11,Japan,Kyoto,10-04-2026,Trendsetter,₹7200.00,"Loafers (₹3200.00), Cap (₹800.00), Blue Denim Jacket (₹3200.00)",₹79100.00
CUST00968,ORD755838,Ava Williams,57,Female,ava.williams.row0947@gmail.com,4.49089E+11,UK,Birmingham,05-12-2025,Frequent Buyer,₹4600.00,"Hoodie (₹2400.00), Slim Fit Jeans (₹2200.00)",₹83600.00
CUST00969,ORD732535,David Anderson,25,Male,david.anderson.row0948@gmail.com,27385611970,South Africa,Johannesburg,14-06-2025,Frequent Buyer,₹5700.00,"Cap (₹800.00), Wallet (₹1800.00), Hoodie (₹2400.00), Scarf (₹700.00)",₹102200.00
CUST00970,ORD268102,Aadhya Mukherjee,38,Female,aadhya.mukherjee.row0504@gmail.com,91346222164,India,Delhi,16-06-2024,Frequent Buyer,₹1800.00,Wallet (₹1800.00),₹39200.00
CUST00971,ORD259453,Aarav Das,50,Male,aarav.das.row0187@gmail.com,9.14666E+11,India,Hyderabad,23-12-2024,Frequent Buyer,₹3200.00,Loafers (₹3200.00),₹87200.00
CUST00972,ORD904344,Emma Brown,38,Female,emma.brown.row0854@gmail.com,1182089720,Canada,Montreal,04-10-2025,Discount Seeker,₹5900.00,"Sneakers (₹3500.00), Hoodie (₹2400.00)",₹128600.00
CUST00973,ORD873288,Ishaan Shah,30,Male,ishaan.shah.row0231@gmail.com,9.14117E+11,India,Hyderabad,07-05-2024,High Value,₹11000.00,"Bomber Jacket (₹4800.00), Wallet (₹1800.00), Slim Fit Jeans (₹2200.00), Formal Shirt (₹2200.00)",₹91300.00
CUST00974,ORD919293,Avani Gupta,26,Female,avani.gupta.row0162@gmail.com,9.19133E+11,India,Hyderabad,12-09-2024,VIP,₹1800.00,Wallet (₹1800.00),₹95200.00
CUST00975,ORD992252,Amelia Brown,35,Female,amelia.brown.row0748@gmail.com,9.71859E+12,UAE,Abu Dhabi,01-01-2026,VIP,₹1800.00,Wallet (₹1800.00),₹113800.00
CUST00976,ORD418973,David Thomas,35,Male,david.thomas.row0553@gmail.com,4.97535E+11,Germany,Hamburg,01-09-2024,Frequent Buyer,₹3600.00,"Leather Belt (₹1200.00), Hoodie (₹2400.00)",₹87000.00
CUST00977,ORD335214,Michael Thomas,29,Male,michael.thomas.row0545@gmail.com,2.72414E+11,South Africa,Johannesburg,18-02-2025,Discount Seeker,₹4500.00,Running Shoes (₹4500.00),₹26000.00
CUST00978,ORD242623,Emily Williams,22,Female,emily.williams.row0559@gmail.com,11700183875,USA,Houston,28-06-2024,VIP,₹4600.00,"Leather Belt (₹1200.00), Black Denim Jeans (₹2500.00), White T-Shirt (₹900.00)",₹133900.00
CUST00979,ORD546362,Prisha Kumar,46,Female,prisha.kumar.row0098@gmail.com,9.1559E+11,India,Mumbai,12-05-2025,VIP,₹1800.00,Wallet (₹1800.00),₹139500.00
CUST00980,ORD674488,Emily Davis,29,Female,emily.davis.row0843@gmail.com,8.12953E+11,Japan,Kyoto,09-04-2025,Discount Seeker,₹3400.00,"White T-Shirt (₹900.00), Black Denim Jeans (₹2500.00)",₹13900.00
CUST00981,ORD152286,Diya Shah,17,Female,diya.shah.row0259@gmail.com,9.12841E+11,India,Delhi,15-04-2024,Loyal Customer,₹10350.00,"Formal Shirt (₹2200.00), Winter Coat (₹7200.00), Black T-Shirt (₹950.00)",₹63250.00
CUST00982,ORD691348,Emma Miller,45,Female,emma.miller.row0566@gmail.com,6.15097E+11,Australia,Melbourne,27-11-2024,Frequent Buyer,₹6800.00,"Hoodie (₹2400.00), Sneakers (₹3500.00), White T-Shirt (₹900.00)",₹130100.00
CUST00983,ORD722120,Jessica Miller,44,Female,jessica.miller.row0780@gmail.com,4.46462E+11,UK,Birmingham,24-04-2026,Loyal Customer,₹7200.00,Winter Coat (₹7200.00),₹51900.00
CUST00984,ORD740940,David Miller,29,Male,david.miller.row0531@gmail.com,11366870366,Canada,Vancouver,27-11-2024,High Value,₹10400.00,"Loafers (₹3200.00), Winter Coat (₹7200.00)",₹64300.00
CUST00985,ORD421879,Deepak Bose,30,Male,deepak.bose.row0210@gmail.com,9.12378E+11,India,Chennai,21-05-2026,VIP,₹4200.00,"Wallet (₹1800.00), Hoodie (₹2400.00)",₹142400.00
CUST00986,ORD894161,Aadhya Reddy,53,Female,aadhya.reddy.row0070@gmail.com,9.17861E+11,India,Chennai,29-01-2025,VIP,₹3150.00,"Black T-Shirt (₹950.00), Slim Fit Jeans (₹2200.00)",₹7350.00
CUST00987,ORD708768,David Williams,16,Male,david.williams.row0886@gmail.com,12168382496,USA,Houston,20-02-2026,Churn Risk,₹9200.00,"Bomber Jacket (₹4800.00), Loafers (₹3200.00), Leather Belt (₹1200.00)",₹20300.00
CUST00988,ORD158641,Shaurya Banerjee,22,Male,shaurya.banerjee.row0297@gmail.com,9.12337E+11,India,Hyderabad,26-02-2025,Trendsetter,₹800.00,Cap (₹800.00),₹135500.00
CUST00989,ORD624653,Oliver Martinez,37,Male,oliver.martinez.row0683@gmail.com,6.54485E+11,Singapore,Singapore,21-02-2026,Discount Seeker,₹950.00,Black T-Shirt (₹950.00),₹26550.00
CUST00990,ORD377087,Aditya Bose,43,Male,aditya.bose.row0199@gmail.com,9.16855E+11,India,Pune,11-11-2024,VIP,₹5200.00,"Leather Belt (₹1200.00), Loafers (₹3200.00), Cap (₹800.00)",₹22800.00
CUST00991,ORD505286,Emma Anderson,54,Female,emma.anderson.row0961@gmail.com,8.1945E+11,Japan,Tokyo,22-05-2024,Churn Risk,₹14700.00,"Winter Coat (₹7200.00), Bomber Jacket (₹4800.00), White T-Shirt (₹900.00), Wallet (₹1800.00)",₹84600.00
CUST00992,ORD823142,David Brown,34,Male,david.brown.row0870@gmail.com,3.33148E+11,France,Lyon,27-07-2025,Trendsetter,₹7700.00,"Running Shoes (₹4500.00), Loafers (₹3200.00)",₹47100.00
CUST00993,ORD452200,Krishna Nair,30,Male,krishna.nair.row0278@gmail.com,9.13718E+11,India,Pune,11-12-2024,Trendsetter,₹1200.00,Leather Belt (₹1200.00),₹40800.00
CUST00994,ORD539523,Oliver Thomas,21,Male,oliver.thomas.row0945@gmail.com,4.44706E+11,UK,Manchester,26-03-2025,Churn Risk,₹5400.00,"Slim Fit Jeans (₹2200.00), Loafers (₹3200.00)",₹55400.00
CUST00995,ORD834870,Emma Davis,26,Female,emma.davis.row1013@gmail.com,9.71218E+12,UAE,Abu Dhabi,12-06-2026,Trendsetter,₹6300.00,"White T-Shirt (₹900.00), Loafers (₹3200.00), Slim Fit Jeans (₹2200.00)",₹41600.00
CUST00996,ORD512236,Vihaan Sharma,47,Male,vihaan.sharma.row0513@gmail.com,9.17939E+11,India,Hyderabad,30-06-2025,VIP,₹13400.00,"Slim Fit Jeans (₹2200.00), Wallet (₹1800.00), Formal Shirt (₹2200.00), Winter Coat (₹7200.00)",₹105800.00
CUST00997,ORD422504,Pari Patel,48,Female,pari.patel.row0507@gmail.com,9.19284E+11,India,Bengaluru,10-12-2024,High Value,₹8400.00,"Winter Coat (₹7200.00), Leather Belt (₹1200.00)",₹117000.00
CUST00998,ORD844334,Lucas Jones,46,Male,lucas.jones.row0565@gmail.com,4.42492E+11,UK,Birmingham,03-07-2024,VIP,₹12700.00,"Winter Coat (₹7200.00), Black Denim Jeans (₹2500.00), Wallet (₹1800.00), Leather Belt (₹1200.00)",₹34100.00
CUST00999,ORD482478,Vijay Rao,35,Male,vijay.rao.row0171@gmail.com,9.18621E+11,India,Chennai,09-03-2026,Frequent Buyer,₹7600.00,"Loafers (₹3200.00), Cap (₹800.00), Hoodie (₹2400.00), Leather Belt (₹1200.00)",₹80800.00
CUST01000,ORD304530,Emma Williams,16,Female,emma.williams.row0808@gmail.com,8.13626E+11,Japan,Kyoto,12-06-2024,High Value,₹7500.00,"Wallet (₹1800.00), Slim Fit Jeans (₹2200.00), Sneakers (₹3500.00)",₹119800.00
CUST01001,ORD253311,Anil Das,51,Male,anil.das.row0472@gmail.com,9.17003E+11,India,Delhi,02-05-2026,VIP,₹4400.00,"Blue Denim Jacket (₹3200.00), Leather Belt (₹1200.00)",₹121900.00
CUST01002,ORD362727,James Thomas,21,Male,james.thomas.row0840@gmail.com,2.78833E+11,South Africa,Cape Town,06-09-2025,Frequent Buyer,₹10650.00,"Black Denim Jeans (₹2500.00), Black T-Shirt (₹950.00), Winter Coat (₹7200.00)",₹43750.00
CUST01003,ORD687276,Rahul Iyer,58,Male,rahul.iyer.row0053@gmail.com,9.12948E+11,India,Mumbai,24-09-2025,Trendsetter,₹11050.00,"Black T-Shirt (₹950.00), Winter Coat (₹7200.00), Slim Fit Jeans (₹2200.00), Scarf (₹700.00)",₹86950.00
CUST01004,ORD718287,David Jones,20,Male,david.jones.row0757@gmail.com,4.95996E+11,Germany,Berlin,14-03-2025,Frequent Buyer,₹6600.00,"Slim Fit Jeans (₹2200.00), Leather Belt (₹1200.00), Loafers (₹3200.00)",₹115900.00
CUST01005,ORD264355,Vikram Iyer,29,Male,vikram.iyer.row0197@gmail.com,9.14119E+11,India,Delhi,31-07-2025,Loyal Customer,₹7300.00,"Wallet (₹1800.00), Hoodie (₹2400.00), Formal Shirt (₹2200.00), White T-Shirt (₹900.00)",₹52800.00
CUST01006,ORD151508,Jane Smith,41,Female,jane.smith.row0778@gmail.com,2.77435E+11,South Africa,Johannesburg,28-05-2024,VIP,₹4450.00,"Sneakers (₹3500.00), Black T-Shirt (₹950.00)",₹14750.00
CUST01007,ORD488375,Ira Sharma,39,Female,ira.sharma.row0414@gmail.com,9.13437E+11,India,Pune,06-02-2026,Discount Seeker,₹11200.00,"Sneakers (₹3500.00), Running Shoes (₹4500.00), Scarf (₹700.00), Black Denim Jeans (₹2500.00)",₹146700.00
CUST01008,ORD470675,Pihu Mehra,35,Female,pihu.mehra.row0157@gmail.com,9.17374E+11,India,Delhi,15-04-2026,Churn Risk,₹6600.00,"White T-Shirt (₹900.00), Running Shoes (₹4500.00), Leather Belt (₹1200.00)",₹137400.00
CUST01009,ORD312481,Pari Verma,44,Female,pari.verma.row0149@gmail.com,9.17387E+11,India,Pune,24-11-2024,Loyal Customer,₹10050.00,"Black T-Shirt (₹950.00), Slim Fit Jeans (₹2200.00), Hoodie (₹2400.00), Running Shoes (₹4500.00)",₹35550.00
CUST01010,ORD245088,Lucas Williams,21,Male,lucas.williams.row0960@gmail.com,8.14287E+11,Japan,Tokyo,13-09-2025,VIP,₹5300.00,"Wallet (₹1800.00), Sneakers (₹3500.00)",₹50500.00
CUST01011,ORD991155,Sanjay Patel,33,Male,sanjay.patel.row0116@gmail.com,9.1336E+11,India,Bengaluru,30-09-2024,Churn Risk,₹8800.00,"Scarf (₹700.00), Cap (₹800.00), Black Denim Jeans (₹2500.00), Bomber Jacket (₹4800.00)",₹96000.00
CUST01012,ORD346463,Lucas Anderson,30,Male,lucas.anderson.row0931@gmail.com,6.16364E+11,Australia,Sydney,20-06-2024,Loyal Customer,₹7200.00,Winter Coat (₹7200.00),₹55500.00
CUST01013,ORD640698,Jane Brown,38,Female,jane.brown.row0520@gmail.com,6.54118E+11,Singapore,Singapore,10-09-2024,Churn Risk,₹800.00,Cap (₹800.00),₹71900.00
CUST01014,ORD748605,Vijay Rao,33,Male,vijay.rao.row0393@gmail.com,9.1515E+11,India,Chennai,18-04-2024,Frequent Buyer,₹9650.00,"Black T-Shirt (₹950.00), Loafers (₹3200.00), Scarf (₹700.00), Bomber Jacket (₹4800.00)",₹18350.00
CUST01015,ORD321414,Ava Martinez,31,Female,ava.martinez.row0551@gmail.com,2.79719E+11,South Africa,Cape Town,10-02-2026,Churn Risk,₹4000.00,"Cap (₹800.00), Loafers (₹3200.00)",₹120300.00
CUST01016,ORD982728,Prisha Reddy,33,Female,prisha.reddy.row0392@gmail.com,9.13799E+11,India,Hyderabad,18-02-2024,Trendsetter,₹9150.00,"Bomber Jacket (₹4800.00), Black T-Shirt (₹950.00), Formal Shirt (₹2200.00), Leather Belt (₹1200.00)",₹74650.00
CUST01017,ORD183783,John Jones,22,Male,john.jones.row0702@gmail.com,2.73649E+11,South Africa,Johannesburg,23-04-2026,Trendsetter,₹12500.00,"Running Shoes (₹4500.00), Bomber Jacket (₹4800.00), Loafers (₹3200.00)",₹144600.00
CUST01018,ORD273950,Pihu Sharma,33,Female,pihu.sharma.row0084@gmail.com,9.12113E+11,India,Bengaluru,10-10-2024,Trendsetter,₹10650.00,"Black T-Shirt (₹950.00), Winter Coat (₹7200.00), Black Denim Jeans (₹2500.00)",₹28850.00
CUST01019,ORD682241,Vihaan Joshi,36,Male,vihaan.joshi.row0206@gmail.com,9.18253E+11,India,Mumbai,03-04-2025,Frequent Buyer,₹3400.00,"Black Denim Jeans (₹2500.00), White T-Shirt (₹900.00)",₹130900.00
CUST01020,ORD622763,Anika Pillai,35,Female,anika.pillai.row0467@gmail.com,9.18296E+11,India,Mumbai,21-10-2025,Frequent Buyer,₹4800.00,Bomber Jacket (₹4800.00),₹106900.00
CUST01021,ORD839869,Mary Wilson,47,Female,mary.wilson.row0689@gmail.com,14024056461,Canada,Montreal,18-12-2025,High Value,₹6050.00,"Cap (₹800.00), Black Denim Jeans (₹2500.00), Black T-Shirt (₹950.00), Wallet (₹1800.00)",₹127750.00
CUST01022,ORD200069,John Anderson,58,Male,john.anderson.row0641@gmail.com,4.9465E+11,Germany,Hamburg,04-09-2024,VIP,₹3150.00,"Black T-Shirt (₹950.00), Slim Fit Jeans (₹2200.00)",₹15550.00
CUST01023,ORD597184,Sarah Smith,40,Female,sarah.smith.row0521@gmail.com,5.52385E+11,Brazil,Sao Paulo,07-09-2025,VIP,₹11250.00,"Scarf (₹700.00), Black T-Shirt (₹950.00), Hoodie (₹2400.00), Winter Coat (₹7200.00)",₹58450.00
CUST01024,ORD210228,Sarah Jones,41,Female,sarah.jones.row0590@gmail.com,6.12222E+11,Australia,Brisbane,29-10-2025,Trendsetter,₹11200.00,"Cap (₹800.00), Loafers (₹3200.00), Winter Coat (₹7200.00)",₹111300.00
CUST01025,ORD249576,Avani Patel,27,Female,avani.patel.row0192@gmail.com,9.11669E+11,India,Delhi,06-04-2025,Churn Risk,₹5750.00,"Bomber Jacket (₹4800.00), Black T-Shirt (₹950.00)",₹141450.00
CUST01026,ORD749291,Rohan Mishra,22,Male,rohan.mishra.row0421@gmail.com,9.16525E+11,India,Bengaluru,10-04-2026,VIP,₹7100.00,"Blue Denim Jacket (₹3200.00), Cap (₹800.00), Slim Fit Jeans (₹2200.00), White T-Shirt (₹900.00)",₹129100.00
CUST01027,ORD300394,Michael Miller,31,Male,michael.miller.row0713@gmail.com,6.51622E+11,Singapore,Singapore,28-03-2026,Discount Seeker,₹12300.00,"Loafers (₹3200.00), Hoodie (₹2400.00), Slim Fit Jeans (₹2200.00), Running Shoes (₹4500.00)",₹27100.00
CUST01028,ORD477681,Deepak Mukherjee,25,Male,deepak.mukherjee.row0509@gmail.com,91193850810,India,Hyderabad,17-10-2025,Churn Risk,₹3000.00,"Leather Belt (₹1200.00), Wallet (₹1800.00)",₹93300.00
CUST01029,ORD453407,James Jones,24,Male,james.jones.row1016@gmail.com,4.47997E+11,UK,Birmingham,27-11-2024,Frequent Buyer,₹13600.00,"Blue Denim Jacket (₹3200.00), Loafers (₹3200.00), Winter Coat (₹7200.00)",₹134400.00
CUST01030,ORD347800,James Thomas,21,Male,james.thomas.row0813@gmail.com,1376347111,USA,Houston,17-10-2025,Loyal Customer,₹11250.00,"Black T-Shirt (₹950.00), Slim Fit Jeans (₹2200.00), White T-Shirt (₹900.00), Winter Coat (₹7200.00)",₹67150.00
CUST01031,ORD249910,Jessica Thomas,47,Female,jessica.thomas.row0892@gmail.com,49624349210,Germany,Munich,28-01-2026,High Value,₹11100.00,"Winter Coat (₹7200.00), Blue Denim Jacket (₹3200.00), Scarf (₹700.00)",₹150300.00
CUST01032,ORD217979,Reyansh Patel,37,Male,reyansh.patel.row0049@gmail.com,9.11433E+11,India,Chennai,26-03-2024,Trendsetter,₹4800.00,Bomber Jacket (₹4800.00),₹50300.00